,Progress,social support_1,social support_2,social support_3,social support_4,social support_5,social support_6,social support_7,social support_8,social support_9,social support_10,social support_11,social support_12,online SS_1,online SS_2,online SS_3,online SS_4,online SS_5,online SS_6,online SS_7,online SS_8,online SS_9,online SS_10,online SS_11,online SS_12,online SS_13,online SS_14,online SS_15,online SS_16,online SS_17,online SS_18,online SS_19,online SS_20,online SS_21,online SS_22,online SS_23,online SS_24,mental wellbeing_1,mental wellbeing_2,mental wellbeing_3,mental wellbeing_4,mental wellbeing_5,mental wellbeing_6,mental wellbeing_7,mental wellbeing_8,mental wellbeing_9,mental wellbeing_10,mental wellbeing_11,mental wellbeing_12,mental wellbeing_13,mental wellbeing_14,mental wellbeing_15,stress scale_1,stress scale_2,stress scale_3,stress scale_4,stress scale_5,stress scale_6,stress scale_7,stress scale_8,stress scale_9,stress scale_10,stress scale_11,stress scale_12,social desirability_1,social desirability_2,social desirability_3,social desirability_4,social desirability_5,social desirability_6,s_desirability_mean_scores,social_support_mean,online_social_support_mean,mental_wellbeing_mean,stress_mean
0,100,3.0,3.0,1.0,3.0,2.0,5.0,2.0,3.0,4.0,3.0,4.0,4.0,3.0,3.0,3.0,3.0,3.0,3.0,3.0,3.0,3.0,3.0,3.0,3.0,3.0,4.0,2.0,2.0,3.0,3.0,2.0,3.0,3.0,3.0,3.0,3.0,2.0,4.0,3.0,2.0,3.0,4.0,2.0,3.0,4.0,3.0,3.0,4.0,4.0,4.0,3.0,2.0,3.0,2.0,3.0,4.0,3.0,3.0,3.0,3.0,3.0,3.0,3.0,3.0,3.0,3.0,3.0,2.0,2.0,2.6666666666666665,3.0833333333333335,2.9166666666666665,3.2,2.9166666666666665
2,100,2.0,2.0,5.0,4.0,5.0,5.0,5.0,5.0,5.0,2.0,5.0,5.0,3.0,4.0,4.0,4.0,4.0,3.0,3.0,4.0,3.0,2.0,2.0,3.0,1.0,4.0,3.0,1.0,1.0,2.0,1.0,3.0,3.0,3.0,2.0,2.0,5.0,5.0,2.0,5.0,4.0,5.0,5.0,5.0,5.0,3.0,5.0,5.0,5.0,4.0,3.0,3.0,2.0,3.0,3.0,1.0,3.0,2.0,1.0,2.0,1.0,3.0,2.0,3.0,5.0,3.0,3.0,2.0,4.0,3.3333333333333335,4.166666666666667,2.7083333333333335,4.4,2.1666666666666665
3,100,4.0,4.0,5.0,4.0,4.0,4.0,4.0,4.0,4.0,4.0,3.0,4.0,3.0,3.0,3.0,3.0,3.0,4.0,3.0,3.0,4.0,2.0,2.0,3.0,1.0,4.0,2.0,1.0,2.0,4.0,2.0,3.0,2.0,2.0,2.0,2.0,4.0,4.0,2.0,3.0,2.0,4.0,4.0,4.0,3.0,3.0,4.0,5.0,4.0,3.0,3.0,2.0,3.0,3.0,3.0,2.0,3.0,2.0,2.0,1.0,1.0,2.0,4.0,4.0,4.0,2.0,2.0,2.0,5.0,3.1666666666666665,4.0,2.625,3.466666666666667,2.3333333333333335
4,100,4.0,4.0,3.0,2.0,5.0,3.0,3.0,2.0,3.0,5.0,4.0,4.0,4.0,3.0,3.0,3.0,3.0,3.0,3.0,3.0,4.0,3.0,4.0,3.0,2.0,4.0,2.0,2.0,3.0,3.0,3.0,4.0,3.0,3.0,5.0,4.0,2.0,2.0,2.0,4.0,2.0,2.0,3.0,2.0,3.0,3.0,2.0,2.0,3.0,3.0,1.0,5.0,4.0,3.0,5.0,3.0,3.0,3.0,5.0,2.0,3.0,4.0,5.0,3.0,3.0,1.0,4.0,3.0,3.0,2.8333333333333335,3.5,3.2083333333333335,2.4,3.75
5,100,5.0,5.0,3.0,3.0,5.0,5.0,5.0,2.0,5.0,5.0,5.0,5.0,3.0,3.0,2.0,2.0,3.0,2.0,2.0,2.0,3.0,2.0,1.0,5.0,2.0,4.0,2.0,3.0,3.0,3.0,2.0,2.0,2.0,2.0,2.0,3.0,3.0,3.0,4.0,4.0,4.0,4.0,4.0,3.0,4.0,3.0,3.0,3.0,4.0,4.0,4.0,3.0,4.0,4.0,4.0,2.0,3.0,3.0,3.0,3.0,3.0,3.0,3.0,3.0,3.0,3.0,4.0,4.0,3.0,3.3333333333333335,4.416666666666667,2.5,3.6,3.1666666666666665
6,100,4.0,4.0,4.0,3.0,4.0,4.0,4.0,2.0,4.0,4.0,3.0,4.0,3.0,3.0,2.0,3.0,2.0,3.0,3.0,3.0,4.0,4.0,4.0,4.0,3.0,4.0,3.0,3.0,3.0,3.0,2.0,3.0,4.0,4.0,4.0,3.0,4.0,4.0,4.0,4.0,3.0,3.0,2.0,3.0,3.0,3.0,3.0,3.0,3.0,3.0,3.0,3.0,3.0,3.0,4.0,3.0,3.0,3.0,3.0,2.0,3.0,3.0,4.0,2.0,2.0,2.0,2.0,1.0,3.0,2.0,3.6666666666666665,3.2083333333333335,3.2,3.0833333333333335
7,100,5.0,5.0,4.0,3.0,4.0,4.0,4.0,3.0,5.0,4.0,4.0,5.0,4.0,5.0,5.0,5.0,5.0,3.0,5.0,5.0,4.0,4.0,4.0,5.0,4.0,4.0,4.0,4.0,3.0,4.0,3.0,4.0,4.0,4.0,3.0,4.0,3.0,4.0,2.0,3.0,1.0,3.0,4.0,4.0,4.0,3.0,4.0,4.0,4.0,4.0,4.0,3.0,3.0,3.0,3.0,3.0,3.0,2.0,3.0,2.0,2.0,3.0,4.0,3.0,3.0,3.0,2.0,2.0,4.0,2.8333333333333335,4.166666666666667,4.125,3.4,2.8333333333333335
8,100,4.0,4.0,5.0,5.0,5.0,5.0,5.0,5.0,5.0,4.0,4.0,5.0,4.0,3.0,3.0,4.0,3.0,4.0,4.0,4.0,4.0,4.0,4.0,4.0,3.0,4.0,4.0,4.0,4.0,4.0,3.0,4.0,4.0,3.0,4.0,4.0,4.0,3.0,2.0,4.0,4.0,3.0,4.0,4.0,4.0,3.0,4.0,3.0,5.0,4.0,4.0,4.0,4.0,4.0,4.0,3.0,3.0,2.0,2.0,2.0,2.0,3.0,3.0,3.0,2.0,2.0,2.0,3.0,4.0,2.6666666666666665,4.666666666666667,3.75,3.6666666666666665,3.0
9,100,4.0,4.0,3.0,3.0,4.0,3.0,3.0,2.0,4.0,5.0,3.0,3.0,3.0,3.0,4.0,3.0,3.0,4.0,4.0,3.0,3.0,4.0,4.0,3.0,3.0,4.0,3.0,3.0,3.0,3.0,3.0,4.0,4.0,4.0,3.0,3.0,3.0,3.0,2.0,3.0,2.0,3.0,3.0,3.0,3.0,3.0,3.0,4.0,4.0,3.0,3.0,4.0,5.0,5.0,5.0,3.0,3.0,3.0,3.0,3.0,3.0,5.0,5.0,2.0,2.0,2.0,2.0,1.0,3.0,2.0,3.4166666666666665,3.375,3.0,3.9166666666666665
10,100,5.0,5.0,5.0,5.0,5.0,4.0,4.0,5.0,4.0,5.0,5.0,4.0,3.0,3.0,3.0,3.0,3.0,3.0,3.0,3.0,3.0,3.0,3.0,3.0,3.0,4.0,3.0,3.0,3.0,3.0,2.0,2.0,3.0,3.0,3.0,3.0,4.0,4.0,4.0,4.0,4.0,4.0,4.0,4.0,4.0,3.0,4.0,4.0,4.0,4.0,3.0,3.0,2.0,3.0,3.0,2.0,3.0,2.0,2.0,3.0,2.0,3.0,2.0,3.0,4.0,3.0,4.0,4.0,4.0,3.6666666666666665,4.666666666666667,2.9583333333333335,3.8666666666666667,2.5
12,100,4.0,4.0,4.0,3.0,4.0,4.0,4.0,4.0,4.0,4.0,4.0,4.0,4.0,4.0,4.0,3.0,4.0,4.0,4.0,4.0,4.0,4.0,4.0,4.0,3.0,4.0,3.0,4.0,4.0,4.0,4.0,4.0,4.0,4.0,4.0,4.0,3.0,3.0,2.0,3.0,3.0,3.0,3.0,3.0,3.0,3.0,3.0,4.0,4.0,4.0,3.0,3.0,3.0,4.0,4.0,3.0,3.0,3.0,3.0,3.0,2.0,4.0,4.0,3.0,3.0,3.0,3.0,4.0,4.0,3.3333333333333335,3.9166666666666665,3.875,3.1333333333333333,3.25
13,100,4.0,4.0,4.0,4.0,4.0,4.0,5.0,4.0,5.0,5.0,4.0,5.0,4.0,3.0,3.0,3.0,2.0,3.0,4.0,4.0,4.0,4.0,3.0,3.0,2.0,4.0,3.0,3.0,4.0,3.0,3.0,4.0,4.0,4.0,2.0,3.0,3.0,2.0,2.0,4.0,2.0,4.0,3.0,2.0,3.0,3.0,2.0,4.0,4.0,3.0,2.0,4.0,4.0,3.0,4.0,2.0,3.0,3.0,2.0,3.0,3.0,3.0,3.0,3.0,3.0,3.0,2.0,2.0,4.0,2.8333333333333335,4.333333333333333,3.2916666666666665,2.8666666666666667,3.0833333333333335
14,100,5.0,5.0,5.0,5.0,5.0,5.0,5.0,5.0,5.0,5.0,5.0,5.0,5.0,5.0,5.0,5.0,5.0,5.0,5.0,5.0,4.0,4.0,3.0,4.0,3.0,4.0,4.0,4.0,4.0,4.0,3.0,4.0,4.0,5.0,2.0,3.0,5.0,5.0,3.0,5.0,5.0,5.0,5.0,4.0,5.0,3.0,4.0,4.0,5.0,5.0,5.0,3.0,1.0,3.0,3.0,1.0,3.0,2.0,2.0,2.0,1.0,3.0,3.0,3.0,4.0,2.0,3.0,2.0,3.0,2.8333333333333335,5.0,4.125,4.533333333333333,2.25
15,100,5.0,5.0,5.0,5.0,5.0,5.0,5.0,4.0,5.0,5.0,5.0,5.0,4.0,4.0,4.0,5.0,5.0,5.0,5.0,5.0,3.0,4.0,3.0,4.0,4.0,4.0,3.0,3.0,4.0,3.0,2.0,3.0,3.0,4.0,3.0,3.0,4.0,4.0,3.0,5.0,3.0,3.0,4.0,4.0,4.0,3.0,4.0,5.0,4.0,4.0,3.0,3.0,3.0,3.0,3.0,2.0,3.0,2.0,2.0,2.0,1.0,4.0,3.0,4.0,4.0,4.0,3.0,4.0,4.0,3.8333333333333335,4.916666666666667,3.75,3.8,2.5833333333333335
16,100,5.0,5.0,4.0,3.0,4.0,4.0,4.0,4.0,4.0,4.0,3.0,4.0,4.0,4.0,2.0,4.0,4.0,3.0,3.0,2.0,2.0,1.0,1.0,4.0,2.0,4.0,2.0,2.0,2.0,2.0,1.0,1.0,1.0,2.0,1.0,1.0,3.0,2.0,2.0,4.0,3.0,3.0,4.0,3.0,3.0,3.0,3.0,4.0,4.0,3.0,3.0,4.0,4.0,3.0,5.0,3.0,3.0,2.0,5.0,2.0,3.0,4.0,5.0,3.0,4.0,2.0,1.0,2.0,2.0,2.3333333333333335,4.0,2.2916666666666665,3.1333333333333333,3.5833333333333335
17,100,4.0,5.0,5.0,5.0,4.0,5.0,5.0,5.0,5.0,4.0,5.0,5.0,3.0,3.0,2.0,4.0,4.0,3.0,3.0,3.0,5.0,1.0,5.0,5.0,3.0,4.0,3.0,3.0,3.0,3.0,3.0,5.0,5.0,5.0,2.0,5.0,5.0,4.0,3.0,5.0,5.0,5.0,4.0,4.0,4.0,3.0,3.0,5.0,4.0,5.0,4.0,3.0,5.0,2.0,4.0,3.0,3.0,4.0,2.0,1.0,3.0,5.0,3.0,4.0,5.0,1.0,1.0,5.0,3.0,3.1666666666666665,4.75,3.5416666666666665,4.2,3.1666666666666665
18,100,4.0,4.0,5.0,5.0,4.0,4.0,4.0,4.0,4.0,4.0,4.0,4.0,3.0,4.0,4.0,4.0,3.0,3.0,4.0,4.0,4.0,3.0,4.0,4.0,4.0,4.0,3.0,4.0,4.0,4.0,4.0,4.0,4.0,3.0,4.0,4.0,3.0,3.0,2.0,3.0,2.0,3.0,4.0,3.0,4.0,3.0,3.0,3.0,4.0,3.0,3.0,3.0,4.0,3.0,4.0,3.0,3.0,4.0,3.0,2.0,3.0,2.0,4.0,3.0,3.0,2.0,2.0,2.0,3.0,2.5,4.166666666666667,3.75,3.066666666666667,3.1666666666666665
19,100,5.0,5.0,5.0,5.0,5.0,5.0,5.0,4.0,5.0,5.0,5.0,5.0,3.0,3.0,1.0,1.0,1.0,3.0,1.0,1.0,3.0,1.0,3.0,4.0,1.0,4.0,1.0,1.0,2.0,1.0,2.0,3.0,3.0,2.0,2.0,3.0,3.0,3.0,2.0,5.0,5.0,3.0,5.0,3.0,5.0,3.0,3.0,5.0,5.0,5.0,3.0,4.0,4.0,4.0,4.0,3.0,3.0,3.0,3.0,3.0,3.0,4.0,3.0,2.0,4.0,2.0,1.0,2.0,4.0,2.5,4.916666666666667,2.0833333333333335,3.8666666666666667,3.4166666666666665
20,100,4.0,4.0,4.0,4.0,4.0,4.0,5.0,3.0,4.0,3.0,3.0,4.0,4.0,3.0,2.0,3.0,2.0,4.0,4.0,3.0,4.0,3.0,2.0,4.0,1.0,4.0,4.0,2.0,1.0,3.0,2.0,3.0,3.0,4.0,4.0,4.0,3.0,4.0,4.0,4.0,5.0,3.0,4.0,3.0,4.0,3.0,4.0,5.0,5.0,5.0,4.0,2.0,4.0,3.0,3.0,2.0,3.0,2.0,2.0,1.0,2.0,3.0,2.0,2.0,2.0,1.0,2.0,2.0,3.0,2.0,3.8333333333333335,3.0416666666666665,4.0,2.4166666666666665
21,100,5.0,5.0,4.0,4.0,5.0,4.0,4.0,4.0,4.0,5.0,4.0,4.0,4.0,4.0,2.0,4.0,3.0,3.0,4.0,3.0,4.0,3.0,4.0,3.0,3.0,4.0,2.0,3.0,2.0,2.0,3.0,2.0,2.0,4.0,4.0,4.0,3.0,4.0,2.0,4.0,2.0,4.0,3.0,4.0,4.0,3.0,4.0,4.0,4.0,4.0,3.0,3.0,3.0,4.0,5.0,2.0,3.0,2.0,2.0,3.0,2.0,3.0,4.0,2.0,3.0,2.0,2.0,2.0,3.0,2.3333333333333335,4.333333333333333,3.1666666666666665,3.466666666666667,3.0
23,100,5.0,5.0,4.0,2.0,5.0,5.0,5.0,2.0,5.0,5.0,3.0,5.0,3.0,3.0,2.0,4.0,4.0,4.0,3.0,4.0,3.0,4.0,4.0,3.0,4.0,4.0,3.0,2.0,3.0,4.0,3.0,3.0,3.0,3.0,2.0,3.0,4.0,2.0,2.0,3.0,1.0,3.0,2.0,3.0,2.0,3.0,3.0,4.0,4.0,2.0,2.0,3.0,4.0,4.0,4.0,1.0,3.0,2.0,2.0,3.0,3.0,4.0,2.0,4.0,3.0,2.0,2.0,1.0,3.0,2.5,4.25,3.25,2.6666666666666665,2.9166666666666665
24,100,3.0,2.0,4.0,3.0,3.0,3.0,4.0,3.0,3.0,3.0,4.0,3.0,3.0,4.0,4.0,4.0,4.0,4.0,4.0,3.0,4.0,4.0,4.0,4.0,3.0,4.0,3.0,3.0,2.0,3.0,3.0,3.0,3.0,2.0,2.0,1.0,4.0,3.0,3.0,3.0,2.0,4.0,4.0,4.0,3.0,3.0,3.0,3.0,3.0,3.0,3.0,3.0,3.0,3.0,4.0,2.0,3.0,2.0,2.0,2.0,2.0,4.0,4.0,2.0,3.0,2.0,2.0,3.0,2.0,2.3333333333333335,3.1666666666666665,3.25,3.2,2.8333333333333335
25,100,4.0,4.0,4.0,4.0,4.0,4.0,4.0,4.0,4.0,4.0,4.0,4.0,4.0,4.0,1.0,4.0,4.0,4.0,4.0,4.0,4.0,1.0,1.0,4.0,4.0,4.0,2.0,3.0,3.0,3.0,3.0,3.0,3.0,3.0,2.0,2.0,4.0,4.0,2.0,3.0,3.0,4.0,4.0,4.0,3.0,3.0,4.0,4.0,4.0,3.0,3.0,3.0,3.0,3.0,3.0,2.0,3.0,2.0,2.0,2.0,1.0,4.0,3.0,4.0,3.0,4.0,4.0,4.0,5.0,4.0,4.0,3.0833333333333335,3.466666666666667,2.5833333333333335
26,100,4.0,4.0,4.0,5.0,5.0,5.0,5.0,5.0,5.0,5.0,5.0,5.0,4.0,4.0,4.0,4.0,4.0,4.0,4.0,4.0,4.0,4.0,4.0,4.0,4.0,4.0,5.0,3.0,4.0,4.0,4.0,4.0,4.0,4.0,4.0,4.0,5.0,4.0,4.0,4.0,4.0,4.0,4.0,4.0,4.0,3.0,4.0,4.0,4.0,4.0,4.0,4.0,2.0,3.0,3.0,2.0,3.0,2.0,2.0,2.0,2.0,3.0,3.0,3.0,3.0,1.0,1.0,1.0,3.0,2.0,4.75,4.0,4.0,2.5833333333333335
27,100,5.0,4.0,5.0,4.0,5.0,5.0,4.0,4.0,4.0,4.0,5.0,4.0,5.0,5.0,5.0,5.0,5.0,5.0,5.0,5.0,4.0,5.0,5.0,5.0,5.0,4.0,4.0,4.0,5.0,5.0,5.0,5.0,5.0,5.0,4.0,4.0,4.0,4.0,4.0,4.0,4.0,4.0,4.0,4.0,3.0,3.0,4.0,4.0,4.0,4.0,4.0,3.0,2.0,5.0,4.0,1.0,3.0,1.0,1.0,1.0,1.0,5.0,3.0,2.0,4.0,3.0,2.0,2.0,2.0,2.5,4.416666666666667,4.75,3.8666666666666667,2.5
28,100,3.0,3.0,4.0,4.0,3.0,4.0,4.0,3.0,4.0,2.0,3.0,4.0,3.0,2.0,3.0,3.0,3.0,4.0,4.0,3.0,4.0,4.0,4.0,4.0,4.0,4.0,4.0,3.0,4.0,4.0,4.0,4.0,3.0,4.0,4.0,4.0,3.0,2.0,2.0,4.0,3.0,3.0,3.0,3.0,3.0,3.0,4.0,4.0,3.0,4.0,2.0,3.0,2.0,4.0,3.0,3.0,3.0,3.0,3.0,2.0,3.0,3.0,3.0,2.0,4.0,2.0,3.0,3.0,3.0,2.8333333333333335,3.4166666666666665,3.625,3.066666666666667,2.9166666666666665
29,100,4.0,4.0,4.0,3.0,4.0,4.0,4.0,2.0,4.0,4.0,4.0,3.0,3.0,3.0,3.0,3.0,3.0,3.0,3.0,3.0,4.0,4.0,4.0,4.0,4.0,4.0,4.0,4.0,4.0,3.0,2.0,3.0,3.0,3.0,3.0,3.0,2.0,2.0,2.0,3.0,3.0,3.0,3.0,3.0,4.0,3.0,3.0,2.0,3.0,3.0,3.0,3.0,3.0,4.0,4.0,3.0,3.0,4.0,3.0,3.0,3.0,3.0,4.0,3.0,3.0,3.0,4.0,4.0,3.0,3.3333333333333335,3.6666666666666665,3.3333333333333335,2.8,3.3333333333333335
30,100,4.0,4.0,4.0,3.0,4.0,4.0,4.0,2.0,4.0,4.0,3.0,4.0,3.0,3.0,3.0,3.0,3.0,3.0,3.0,3.0,3.0,3.0,3.0,3.0,2.0,4.0,3.0,2.0,3.0,3.0,3.0,2.0,3.0,2.0,3.0,2.0,3.0,3.0,3.0,4.0,3.0,4.0,4.0,4.0,4.0,3.0,4.0,4.0,4.0,4.0,4.0,3.0,3.0,3.0,3.0,3.0,3.0,3.0,3.0,2.0,3.0,3.0,3.0,3.0,4.0,2.0,1.0,1.0,5.0,2.6666666666666665,3.6666666666666665,2.8333333333333335,3.6666666666666665,2.9166666666666665
31,100,5.0,5.0,5.0,5.0,5.0,5.0,5.0,4.0,5.0,5.0,5.0,5.0,4.0,4.0,3.0,5.0,4.0,3.0,3.0,4.0,4.0,3.0,3.0,5.0,4.0,4.0,3.0,3.0,4.0,3.0,3.0,3.0,3.0,3.0,2.0,3.0,3.0,3.0,2.0,4.0,4.0,4.0,4.0,3.0,3.0,3.0,3.0,4.0,4.0,4.0,3.0,3.0,2.0,3.0,4.0,2.0,3.0,2.0,4.0,2.0,2.0,4.0,3.0,4.0,3.0,2.0,3.0,5.0,4.0,3.5,4.916666666666667,3.4583333333333335,3.4,2.8333333333333335
32,100,4.0,2.0,4.0,3.0,2.0,3.0,2.0,2.0,3.0,2.0,4.0,3.0,2.0,2.0,2.0,4.0,4.0,3.0,3.0,2.0,3.0,3.0,3.0,2.0,1.0,4.0,2.0,2.0,1.0,3.0,1.0,3.0,2.0,2.0,3.0,4.0,3.0,2.0,4.0,1.0,3.0,3.0,5.0,4.0,2.0,3.0,4.0,5.0,2.0,3.0,3.0,3.0,2.0,3.0,3.0,2.0,3.0,3.0,2.0,2.0,2.0,2.0,2.0,4.0,2.0,4.0,1.0,2.0,3.0,2.6666666666666665,2.8333333333333335,2.5416666666666665,3.1333333333333333,2.4166666666666665
34,100,3.0,4.0,3.0,3.0,3.0,2.0,5.0,3.0,3.0,3.0,4.0,3.0,3.0,3.0,4.0,3.0,4.0,3.0,3.0,3.0,3.0,3.0,3.0,3.0,3.0,4.0,3.0,3.0,3.0,3.0,3.0,3.0,4.0,2.0,2.0,1.0,4.0,4.0,3.0,4.0,4.0,4.0,4.0,4.0,3.0,3.0,4.0,4.0,4.0,4.0,4.0,3.0,2.0,3.0,2.0,2.0,3.0,3.0,4.0,2.0,2.0,2.0,3.0,3.0,4.0,3.0,2.0,2.0,4.0,3.0,3.25,3.0,3.8,2.5833333333333335
35,100,4.0,4.0,3.0,3.0,4.0,4.0,5.0,3.0,5.0,5.0,4.0,4.0,4.0,4.0,4.0,4.0,4.0,4.0,4.0,4.0,4.0,4.0,4.0,3.0,4.0,4.0,3.0,4.0,4.0,3.0,3.0,4.0,3.0,3.0,4.0,4.0,3.0,3.0,2.0,4.0,3.0,4.0,4.0,3.0,4.0,3.0,4.0,4.0,4.0,3.0,3.0,3.0,3.0,3.0,4.0,2.0,3.0,3.0,2.0,2.0,2.0,3.0,2.0,2.0,3.0,3.0,2.0,3.0,3.0,2.6666666666666665,4.0,3.75,3.4,2.6666666666666665
36,100,4.0,4.0,4.0,4.0,5.0,5.0,5.0,4.0,4.0,4.0,4.0,4.0,3.0,3.0,3.0,4.0,3.0,4.0,3.0,4.0,4.0,2.0,4.0,4.0,2.0,4.0,4.0,3.0,3.0,3.0,3.0,3.0,4.0,2.0,1.0,1.0,3.0,3.0,4.0,4.0,4.0,3.0,4.0,4.0,4.0,3.0,3.0,4.0,4.0,4.0,4.0,3.0,3.0,2.0,3.0,2.0,3.0,2.0,2.0,1.0,2.0,3.0,3.0,4.0,3.0,1.0,1.0,3.0,3.0,2.5,4.25,3.0833333333333335,3.6666666666666665,2.4166666666666665
37,100,4.0,2.0,5.0,5.0,4.0,3.0,4.0,5.0,4.0,4.0,4.0,4.0,3.0,3.0,3.0,3.0,2.0,2.0,3.0,3.0,3.0,3.0,3.0,3.0,2.0,4.0,3.0,2.0,3.0,3.0,3.0,3.0,3.0,3.0,2.0,2.0,4.0,4.0,4.0,4.0,2.0,4.0,3.0,3.0,3.0,3.0,3.0,4.0,5.0,3.0,3.0,3.0,3.0,4.0,5.0,3.0,3.0,3.0,3.0,3.0,2.0,5.0,4.0,1.0,2.0,2.0,2.0,2.0,2.0,1.8333333333333333,4.0,2.7916666666666665,3.466666666666667,3.4166666666666665
38,100,4.0,4.0,5.0,4.0,4.0,4.0,4.0,5.0,5.0,5.0,4.0,5.0,3.0,3.0,2.0,3.0,3.0,2.0,2.0,1.0,3.0,2.0,2.0,2.0,1.0,4.0,2.0,2.0,1.0,1.0,1.0,1.0,1.0,3.0,2.0,2.0,4.0,4.0,4.0,4.0,3.0,3.0,4.0,4.0,4.0,3.0,3.0,4.0,3.0,3.0,3.0,3.0,3.0,3.0,3.0,3.0,3.0,2.0,2.0,2.0,2.0,3.0,2.0,2.0,4.0,2.0,1.0,1.0,4.0,2.3333333333333335,4.416666666666667,2.0416666666666665,3.533333333333333,2.5833333333333335
39,100,4.0,5.0,3.0,2.0,3.0,4.0,4.0,3.0,4.0,4.0,2.0,4.0,4.0,4.0,4.0,4.0,4.0,4.0,4.0,4.0,5.0,4.0,3.0,3.0,3.0,4.0,4.0,3.0,3.0,4.0,3.0,4.0,3.0,4.0,4.0,4.0,4.0,4.0,3.0,4.0,4.0,3.0,4.0,3.0,4.0,3.0,3.0,4.0,4.0,4.0,3.0,3.0,3.0,3.0,4.0,2.0,3.0,2.0,2.0,3.0,3.0,3.0,3.0,2.0,2.0,1.0,3.0,4.0,3.0,2.5,3.5,3.75,3.6,2.8333333333333335
40,100,3.0,3.0,4.0,3.0,3.0,3.0,4.0,3.0,3.0,3.0,4.0,3.0,3.0,4.0,3.0,4.0,4.0,5.0,3.0,3.0,3.0,4.0,3.0,3.0,2.0,4.0,4.0,4.0,3.0,3.0,3.0,4.0,3.0,5.0,4.0,4.0,4.0,5.0,2.0,3.0,4.0,4.0,4.0,4.0,2.0,3.0,4.0,5.0,4.0,5.0,2.0,2.0,2.0,2.0,3.0,2.0,3.0,3.0,1.0,1.0,2.0,3.0,2.0,3.0,2.0,2.0,2.0,4.0,4.0,2.8333333333333335,3.25,3.5416666666666665,3.6666666666666665,2.1666666666666665
41,100,3.0,4.0,2.0,2.0,3.0,4.0,3.0,1.0,4.0,3.0,1.0,4.0,4.0,5.0,4.0,5.0,5.0,5.0,4.0,2.0,2.0,3.0,4.0,5.0,1.0,4.0,2.0,2.0,5.0,5.0,1.0,1.0,2.0,2.0,4.0,2.0,4.0,5.0,4.0,2.0,4.0,4.0,5.0,5.0,2.0,3.0,5.0,5.0,5.0,4.0,4.0,3.0,3.0,4.0,3.0,1.0,3.0,1.0,2.0,2.0,1.0,4.0,2.0,4.0,3.0,3.0,2.0,1.0,4.0,2.8333333333333335,2.8333333333333335,3.2916666666666665,4.066666666666666,2.4166666666666665
42,100,4.0,5.0,5.0,5.0,5.0,5.0,5.0,5.0,5.0,5.0,4.0,5.0,3.0,3.0,3.0,3.0,3.0,3.0,3.0,3.0,2.0,1.0,1.0,1.0,1.0,4.0,2.0,1.0,1.0,2.0,3.0,2.0,2.0,2.0,1.0,1.0,4.0,5.0,3.0,5.0,4.0,4.0,4.0,5.0,4.0,3.0,4.0,4.0,5.0,5.0,4.0,3.0,3.0,3.0,4.0,2.0,3.0,2.0,2.0,1.0,1.0,3.0,4.0,2.0,2.0,2.0,3.0,5.0,3.0,2.8333333333333335,4.833333333333333,2.125,4.2,2.5833333333333335
44,100,5.0,5.0,4.0,4.0,5.0,4.0,4.0,4.0,4.0,5.0,4.0,4.0,3.0,3.0,3.0,4.0,4.0,4.0,4.0,4.0,4.0,2.0,2.0,2.0,1.0,4.0,3.0,3.0,3.0,3.0,1.0,2.0,2.0,1.0,2.0,2.0,3.0,4.0,3.0,4.0,4.0,3.0,3.0,4.0,4.0,3.0,4.0,4.0,3.0,4.0,2.0,5.0,5.0,4.0,5.0,2.0,3.0,3.0,2.0,2.0,3.0,4.0,4.0,4.0,3.0,3.0,3.0,2.0,3.0,3.0,4.333333333333333,2.75,3.466666666666667,3.5
45,100,3.0,4.0,3.0,4.0,2.0,3.0,4.0,4.0,4.0,3.0,3.0,4.0,2.0,2.0,2.0,2.0,3.0,4.0,2.0,2.0,3.0,3.0,2.0,3.0,1.0,4.0,3.0,3.0,2.0,3.0,1.0,2.0,2.0,4.0,4.0,4.0,2.0,2.0,3.0,3.0,4.0,3.0,5.0,3.0,3.0,3.0,4.0,5.0,3.0,3.0,3.0,2.0,2.0,3.0,3.0,2.0,3.0,3.0,2.0,2.0,2.0,3.0,3.0,4.0,3.0,4.0,4.0,2.0,4.0,3.5,3.4166666666666665,2.625,3.2666666666666666,2.5
47,100,3.0,2.0,4.0,5.0,3.0,4.0,4.0,3.0,3.0,2.0,4.0,3.0,2.0,2.0,3.0,2.0,2.0,2.0,2.0,2.0,3.0,4.0,3.0,3.0,2.0,4.0,2.0,1.0,1.0,2.0,2.0,1.0,1.0,2.0,1.0,2.0,3.0,4.0,2.0,4.0,2.0,4.0,4.0,4.0,1.0,3.0,4.0,4.0,5.0,3.0,2.0,2.0,3.0,2.0,3.0,2.0,3.0,2.0,2.0,3.0,2.0,4.0,2.0,4.0,2.0,2.0,4.0,4.0,5.0,3.5,3.3333333333333335,2.125,3.2666666666666666,2.5
48,100,1.0,2.0,5.0,5.0,4.0,4.0,4.0,5.0,4.0,1.0,5.0,4.0,3.0,3.0,3.0,3.0,3.0,3.0,3.0,3.0,4.0,4.0,4.0,4.0,3.0,4.0,3.0,3.0,3.0,3.0,2.0,3.0,2.0,3.0,4.0,4.0,4.0,4.0,4.0,3.0,2.0,4.0,4.0,4.0,4.0,3.0,4.0,4.0,5.0,4.0,1.0,3.0,3.0,3.0,5.0,2.0,3.0,2.0,3.0,1.0,2.0,2.0,3.0,2.0,3.0,3.0,4.0,2.0,4.0,3.0,3.6666666666666665,3.2083333333333335,3.6,2.6666666666666665
49,100,5.0,5.0,5.0,5.0,5.0,5.0,5.0,4.0,5.0,3.0,5.0,5.0,4.0,5.0,5.0,5.0,5.0,5.0,4.0,5.0,5.0,5.0,5.0,5.0,5.0,4.0,3.0,5.0,5.0,5.0,5.0,5.0,4.0,3.0,5.0,5.0,3.0,3.0,1.0,4.0,3.0,1.0,2.0,3.0,2.0,3.0,3.0,4.0,4.0,4.0,2.0,5.0,4.0,4.0,4.0,2.0,3.0,3.0,3.0,4.0,3.0,4.0,4.0,2.0,3.0,2.0,2.0,1.0,4.0,2.3333333333333335,4.75,4.666666666666667,2.8,3.5833333333333335
50,100,4.0,5.0,4.0,3.0,5.0,5.0,4.0,2.0,5.0,5.0,2.0,4.0,3.0,3.0,2.0,3.0,3.0,2.0,2.0,2.0,3.0,2.0,2.0,2.0,1.0,4.0,2.0,1.0,1.0,1.0,2.0,1.0,2.0,1.0,1.0,2.0,4.0,4.0,2.0,4.0,4.0,4.0,4.0,4.0,4.0,3.0,4.0,4.0,4.0,4.0,4.0,3.0,3.0,3.0,4.0,2.0,3.0,2.0,3.0,1.0,2.0,4.0,3.0,1.0,2.0,2.0,1.0,1.0,3.0,1.6666666666666667,4.0,2.0,3.8,2.75
51,100,5.0,5.0,5.0,5.0,5.0,5.0,5.0,5.0,5.0,5.0,5.0,5.0,5.0,5.0,5.0,5.0,5.0,5.0,5.0,5.0,5.0,5.0,5.0,5.0,5.0,4.0,5.0,5.0,5.0,5.0,4.0,4.0,4.0,3.0,5.0,5.0,5.0,5.0,4.0,5.0,4.0,5.0,5.0,5.0,5.0,3.0,5.0,4.0,5.0,5.0,4.0,3.0,2.0,3.0,3.0,1.0,3.0,2.0,1.0,2.0,2.0,1.0,1.0,4.0,4.0,3.0,2.0,2.0,3.0,3.0,5.0,4.75,4.6,2.0
52,100,4.0,4.0,4.0,4.0,4.0,4.0,4.0,4.0,4.0,4.0,4.0,4.0,3.0,3.0,3.0,3.0,3.0,4.0,3.0,3.0,4.0,3.0,3.0,3.0,2.0,4.0,3.0,3.0,3.0,3.0,3.0,4.0,3.0,2.0,2.0,1.0,3.0,3.0,3.0,4.0,2.0,3.0,3.0,2.0,3.0,3.0,2.0,4.0,4.0,4.0,3.0,3.0,4.0,4.0,4.0,3.0,3.0,3.0,3.0,2.0,2.0,4.0,3.0,2.0,3.0,1.0,4.0,3.0,3.0,2.6666666666666665,4.0,2.9583333333333335,3.066666666666667,3.1666666666666665
53,100,4.0,4.0,5.0,5.0,5.0,5.0,5.0,5.0,5.0,5.0,5.0,5.0,4.0,3.0,4.0,4.0,4.0,4.0,4.0,3.0,4.0,4.0,4.0,4.0,4.0,4.0,3.0,3.0,4.0,3.0,3.0,3.0,3.0,3.0,4.0,3.0,5.0,5.0,5.0,5.0,5.0,5.0,5.0,5.0,5.0,3.0,2.0,4.0,5.0,4.0,4.0,3.0,4.0,4.0,3.0,2.0,3.0,2.0,1.0,3.0,2.0,3.0,2.0,4.0,4.0,1.0,5.0,5.0,4.0,3.8333333333333335,4.833333333333333,3.5833333333333335,4.466666666666667,2.6666666666666665
54,100,5.0,5.0,3.0,2.0,5.0,5.0,5.0,2.0,5.0,5.0,2.0,5.0,5.0,5.0,5.0,5.0,5.0,5.0,5.0,5.0,5.0,5.0,5.0,5.0,5.0,4.0,5.0,5.0,5.0,5.0,5.0,5.0,5.0,5.0,5.0,5.0,4.0,4.0,2.0,4.0,3.0,4.0,4.0,4.0,4.0,3.0,4.0,4.0,4.0,4.0,4.0,3.0,3.0,3.0,3.0,2.0,3.0,2.0,3.0,2.0,2.0,5.0,4.0,3.0,5.0,1.0,1.0,1.0,5.0,2.6666666666666665,4.083333333333333,4.958333333333333,3.7333333333333334,2.9166666666666665
55,100,3.0,4.0,2.0,2.0,3.0,3.0,3.0,2.0,3.0,3.0,1.0,4.0,2.0,3.0,4.0,3.0,4.0,3.0,3.0,3.0,4.0,4.0,3.0,4.0,3.0,4.0,3.0,3.0,4.0,4.0,3.0,4.0,4.0,4.0,4.0,4.0,2.0,3.0,2.0,3.0,3.0,4.0,3.0,2.0,3.0,3.0,2.0,4.0,2.0,3.0,3.0,4.0,4.0,4.0,4.0,2.0,3.0,4.0,3.0,3.0,3.0,4.0,3.0,2.0,2.0,3.0,4.0,2.0,2.0,2.5,2.75,3.5,2.8,3.4166666666666665
56,100,3.0,3.0,5.0,4.0,3.0,4.0,4.0,3.0,4.0,2.0,4.0,4.0,3.0,3.0,4.0,4.0,3.0,3.0,4.0,4.0,3.0,4.0,3.0,3.0,3.0,4.0,3.0,2.0,4.0,4.0,2.0,2.0,3.0,3.0,3.0,3.0,4.0,4.0,3.0,4.0,4.0,3.0,3.0,3.0,3.0,3.0,4.0,4.0,4.0,4.0,4.0,3.0,2.0,2.0,3.0,2.0,3.0,3.0,2.0,2.0,3.0,3.0,3.0,2.0,3.0,4.0,1.0,4.0,4.0,3.0,3.5833333333333335,3.2083333333333335,3.6,2.5833333333333335
57,100,4.0,3.0,4.0,4.0,3.0,3.0,4.0,3.0,4.0,3.0,4.0,4.0,3.0,3.0,2.0,2.0,3.0,2.0,2.0,1.0,3.0,2.0,1.0,2.0,1.0,4.0,2.0,3.0,2.0,2.0,2.0,3.0,4.0,2.0,2.0,2.0,4.0,4.0,2.0,4.0,2.0,4.0,3.0,5.0,4.0,3.0,5.0,5.0,2.0,3.0,3.0,4.0,2.0,3.0,4.0,2.0,3.0,1.0,2.0,1.0,2.0,3.0,3.0,1.0,1.0,2.0,1.0,2.0,3.0,1.6666666666666667,3.5833333333333335,2.2916666666666665,3.533333333333333,2.5
58,100,4.0,4.0,4.0,4.0,4.0,4.0,4.0,4.0,4.0,4.0,4.0,4.0,2.0,2.0,1.0,2.0,2.0,2.0,1.0,2.0,1.0,2.0,1.0,1.0,1.0,4.0,1.0,1.0,1.0,1.0,1.0,1.0,1.0,1.0,2.0,3.0,4.0,4.0,3.0,3.0,4.0,4.0,4.0,4.0,3.0,3.0,4.0,5.0,4.0,4.0,3.0,3.0,3.0,3.0,4.0,1.0,3.0,2.0,2.0,2.0,2.0,4.0,3.0,4.0,4.0,2.0,4.0,3.0,4.0,3.5,4.0,1.5416666666666667,3.7333333333333334,2.6666666666666665
59,100,4.0,4.0,4.0,3.0,5.0,3.0,5.0,4.0,5.0,3.0,4.0,4.0,4.0,3.0,3.0,4.0,3.0,3.0,4.0,3.0,3.0,3.0,4.0,3.0,3.0,4.0,3.0,3.0,3.0,2.0,2.0,3.0,2.0,2.0,2.0,3.0,2.0,2.0,2.0,4.0,4.0,3.0,5.0,2.0,3.0,3.0,3.0,4.0,4.0,5.0,3.0,5.0,3.0,2.0,4.0,3.0,3.0,3.0,2.0,3.0,3.0,5.0,5.0,3.0,3.0,4.0,4.0,3.0,4.0,3.5,4.0,3.0,3.2666666666666666,3.4166666666666665
60,100,4.0,4.0,4.0,4.0,4.0,4.0,4.0,4.0,4.0,5.0,4.0,4.0,4.0,4.0,4.0,4.0,4.0,4.0,4.0,4.0,4.0,4.0,4.0,4.0,4.0,4.0,3.0,3.0,4.0,3.0,3.0,4.0,3.0,4.0,4.0,4.0,2.0,2.0,2.0,2.0,1.0,2.0,2.0,1.0,2.0,3.0,2.0,2.0,4.0,2.0,1.0,2.0,3.0,3.0,4.0,2.0,3.0,3.0,3.0,2.0,3.0,2.0,2.0,2.0,4.0,2.0,1.0,1.0,4.0,2.3333333333333335,4.083333333333333,3.7916666666666665,2.0,2.6666666666666665
61,100,2.0,2.0,2.0,2.0,3.0,2.0,5.0,1.0,5.0,2.0,1.0,5.0,4.0,4.0,4.0,4.0,4.0,4.0,4.0,4.0,3.0,4.0,4.0,5.0,3.0,4.0,5.0,4.0,4.0,4.0,2.0,4.0,4.0,5.0,5.0,5.0,5.0,4.0,2.0,2.0,4.0,2.0,2.0,2.0,4.0,3.0,1.0,1.0,1.0,5.0,2.0,5.0,5.0,3.0,2.0,3.0,3.0,1.0,3.0,1.0,1.0,2.0,5.0,2.0,2.0,2.0,2.0,1.0,1.0,1.6666666666666667,2.6666666666666665,4.041666666666667,2.6666666666666665,2.8333333333333335
62,100,4.0,4.0,4.0,4.0,4.0,4.0,4.0,4.0,4.0,4.0,4.0,4.0,3.0,3.0,3.0,4.0,4.0,4.0,3.0,2.0,3.0,2.0,1.0,2.0,1.0,4.0,3.0,3.0,3.0,3.0,3.0,3.0,3.0,3.0,1.0,1.0,3.0,4.0,3.0,4.0,2.0,3.0,3.0,2.0,3.0,3.0,3.0,4.0,4.0,4.0,4.0,3.0,3.0,4.0,4.0,3.0,3.0,2.0,3.0,3.0,3.0,3.0,3.0,2.0,3.0,2.0,3.0,2.0,3.0,2.5,4.0,2.7083333333333335,3.2666666666666666,3.0833333333333335
63,100,4.0,3.0,4.0,3.0,5.0,4.0,4.0,3.0,5.0,1.0,4.0,4.0,5.0,4.0,4.0,3.0,4.0,5.0,4.0,4.0,4.0,5.0,5.0,4.0,4.0,4.0,3.0,3.0,4.0,4.0,4.0,5.0,4.0,4.0,4.0,4.0,3.0,3.0,2.0,4.0,5.0,3.0,3.0,3.0,4.0,3.0,5.0,4.0,3.0,5.0,4.0,3.0,4.0,3.0,3.0,3.0,3.0,2.0,2.0,2.0,2.0,4.0,5.0,3.0,4.0,3.0,4.0,4.0,4.0,3.6666666666666665,3.6666666666666665,4.083333333333333,3.6,3.0
64,100,3.0,2.0,3.0,3.0,4.0,1.0,2.0,2.0,2.0,4.0,3.0,3.0,3.0,3.0,4.0,3.0,4.0,2.0,3.0,3.0,3.0,4.0,3.0,3.0,2.0,4.0,2.0,2.0,3.0,3.0,3.0,2.0,3.0,1.0,2.0,2.0,3.0,3.0,3.0,2.0,3.0,3.0,2.0,3.0,2.0,3.0,3.0,2.0,4.0,3.0,2.0,3.0,4.0,3.0,3.0,3.0,3.0,4.0,3.0,1.0,3.0,4.0,4.0,3.0,3.0,2.0,2.0,2.0,3.0,2.5,2.6666666666666665,2.7916666666666665,2.7333333333333334,3.1666666666666665
66,100,1.0,5.0,2.0,1.0,4.0,5.0,4.0,1.0,5.0,3.0,1.0,5.0,4.0,4.0,4.0,3.0,3.0,3.0,4.0,3.0,5.0,2.0,2.0,2.0,2.0,4.0,1.0,1.0,1.0,1.0,3.0,3.0,4.0,1.0,5.0,2.0,2.0,3.0,2.0,3.0,1.0,3.0,2.0,3.0,1.0,3.0,3.0,4.0,3.0,2.0,1.0,3.0,4.0,3.0,5.0,2.0,3.0,3.0,2.0,1.0,3.0,2.0,3.0,4.0,2.0,2.0,3.0,4.0,3.0,3.0,3.0833333333333335,2.7916666666666665,2.4,2.8333333333333335
68,100,4.0,5.0,3.0,3.0,4.0,5.0,5.0,2.0,5.0,3.0,2.0,5.0,4.0,3.0,4.0,4.0,4.0,4.0,4.0,3.0,3.0,2.0,3.0,4.0,2.0,4.0,3.0,4.0,3.0,3.0,2.0,2.0,2.0,2.0,3.0,2.0,1.0,3.0,2.0,3.0,3.0,3.0,4.0,3.0,3.0,3.0,3.0,3.0,3.0,4.0,3.0,5.0,3.0,4.0,4.0,3.0,3.0,4.0,4.0,4.0,3.0,5.0,5.0,2.0,3.0,1.0,3.0,1.0,1.0,1.8333333333333333,3.8333333333333335,3.0833333333333335,2.933333333333333,3.9166666666666665
69,100,4.0,4.0,4.0,3.0,4.0,5.0,5.0,4.0,5.0,4.0,4.0,4.0,4.0,4.0,4.0,4.0,3.0,3.0,4.0,4.0,4.0,4.0,4.0,4.0,3.0,4.0,3.0,4.0,4.0,4.0,3.0,4.0,4.0,4.0,4.0,4.0,1.0,1.0,1.0,2.0,2.0,1.0,1.0,1.0,1.0,3.0,2.0,4.0,4.0,3.0,2.0,3.0,3.0,4.0,4.0,3.0,3.0,3.0,3.0,2.0,2.0,4.0,3.0,2.0,3.0,2.0,3.0,2.0,3.0,2.5,4.166666666666667,3.7916666666666665,1.9333333333333333,3.0833333333333335
70,100,2.0,3.0,4.0,4.0,3.0,3.0,3.0,3.0,4.0,4.0,4.0,4.0,3.0,3.0,2.0,1.0,1.0,3.0,2.0,1.0,2.0,2.0,2.0,1.0,1.0,4.0,2.0,2.0,2.0,2.0,1.0,1.0,1.0,2.0,2.0,1.0,1.0,3.0,1.0,2.0,2.0,3.0,3.0,3.0,2.0,3.0,3.0,4.0,2.0,3.0,2.0,4.0,3.0,4.0,4.0,2.0,3.0,3.0,2.0,3.0,3.0,4.0,3.0,3.0,3.0,3.0,2.0,4.0,4.0,3.1666666666666665,3.4166666666666665,1.8333333333333333,2.466666666666667,3.1666666666666665
71,100,4.0,3.0,5.0,3.0,4.0,4.0,4.0,3.0,3.0,3.0,4.0,4.0,3.0,3.0,1.0,3.0,3.0,2.0,2.0,2.0,2.0,3.0,3.0,1.0,2.0,4.0,3.0,2.0,1.0,3.0,2.0,2.0,2.0,3.0,1.0,1.0,3.0,2.0,2.0,3.0,4.0,2.0,2.0,2.0,2.0,3.0,2.0,3.0,3.0,3.0,2.0,4.0,5.0,3.0,4.0,4.0,3.0,3.0,4.0,3.0,4.0,4.0,4.0,1.0,3.0,1.0,4.0,4.0,2.0,2.5,3.6666666666666665,2.25,2.533333333333333,3.75
72,69,2.0,3.0,4.0,3.0,3.0,4.0,4.0,4.0,4.0,4.0,4.0,4.0,2.0,2.0,2.0,2.0,2.0,2.0,2.0,2.0,2.0,2.0,2.0,2.0,2.0,4.0,2.0,2.0,2.0,2.0,2.0,2.0,2.0,2.0,3.0,3.0,3.0,2.0,4.0,4.0,3.0,3.0,3.0,3.0,2.0,3.0,3.0,3.0,3.0,3.0,3.0,3.0,3.0,3.0,3.0,3.0,3.0,2.0,3.0,2.0,3.0,2.0,3.0,3.0,4.0,2.0,4.0,4.0,4.0,3.5,3.5833333333333335,2.1666666666666665,3.0,2.75
75,100,3.0,2.0,4.0,3.0,3.0,3.0,3.0,3.0,3.0,2.0,3.0,3.0,3.0,3.0,3.0,3.0,3.0,3.0,3.0,3.0,3.0,3.0,3.0,3.0,3.0,4.0,4.0,3.0,4.0,4.0,3.0,4.0,4.0,4.0,4.0,4.0,2.0,3.0,2.0,3.0,2.0,2.0,3.0,3.0,2.0,3.0,3.0,3.0,3.0,2.0,2.0,4.0,4.0,4.0,4.0,4.0,3.0,3.0,4.0,4.0,3.0,4.0,4.0,3.0,3.0,2.0,2.0,2.0,3.0,2.5,2.9166666666666665,3.375,2.533333333333333,3.75
76,100,3.0,4.0,3.0,2.0,3.0,4.0,4.0,2.0,4.0,4.0,2.0,4.0,4.0,4.0,4.0,4.0,4.0,3.0,3.0,3.0,3.0,3.0,2.0,3.0,3.0,4.0,2.0,3.0,2.0,1.0,1.0,1.0,2.0,1.0,1.0,1.0,2.0,2.0,2.0,3.0,1.0,3.0,3.0,4.0,3.0,3.0,3.0,3.0,3.0,3.0,2.0,3.0,4.0,3.0,4.0,4.0,3.0,2.0,4.0,3.0,4.0,3.0,4.0,3.0,4.0,2.0,3.0,4.0,4.0,3.3333333333333335,3.25,2.5833333333333335,2.6666666666666665,3.4166666666666665
77,100,4.0,4.0,5.0,3.0,5.0,3.0,4.0,3.0,4.0,4.0,3.0,5.0,3.0,3.0,4.0,3.0,4.0,3.0,3.0,3.0,5.0,2.0,3.0,4.0,3.0,4.0,3.0,3.0,5.0,4.0,4.0,3.0,3.0,4.0,4.0,4.0,5.0,5.0,4.0,5.0,5.0,5.0,5.0,5.0,5.0,3.0,5.0,5.0,4.0,5.0,5.0,4.0,3.0,2.0,3.0,1.0,3.0,1.0,3.0,1.0,1.0,2.0,3.0,4.0,3.0,4.0,4.0,4.0,5.0,4.0,3.9166666666666665,3.5,4.733333333333333,2.25
79,100,5.0,4.0,5.0,5.0,4.0,4.0,4.0,5.0,4.0,5.0,5.0,5.0,3.0,4.0,4.0,5.0,5.0,4.0,4.0,3.0,3.0,4.0,3.0,4.0,3.0,4.0,2.0,3.0,2.0,3.0,2.0,2.0,3.0,3.0,2.0,2.0,5.0,4.0,3.0,4.0,2.0,5.0,4.0,4.0,4.0,3.0,4.0,5.0,5.0,5.0,5.0,3.0,3.0,4.0,5.0,2.0,3.0,2.0,2.0,2.0,1.0,3.0,2.0,2.0,3.0,2.0,3.0,2.0,3.0,2.5,4.583333333333333,3.2083333333333335,4.133333333333334,2.6666666666666665
80,100,4.0,4.0,5.0,5.0,5.0,5.0,5.0,5.0,5.0,5.0,5.0,5.0,3.0,3.0,4.0,3.0,4.0,4.0,3.0,3.0,4.0,4.0,2.0,4.0,3.0,4.0,4.0,2.0,4.0,3.0,4.0,4.0,3.0,4.0,4.0,2.0,4.0,3.0,3.0,5.0,4.0,4.0,4.0,3.0,4.0,3.0,3.0,4.0,4.0,4.0,4.0,4.0,4.0,4.0,4.0,3.0,3.0,3.0,4.0,3.0,3.0,4.0,5.0,1.0,2.0,1.0,2.0,1.0,1.0,1.3333333333333333,4.833333333333333,3.4166666666666665,3.7333333333333334,3.6666666666666665
81,100,5.0,5.0,5.0,5.0,5.0,5.0,5.0,4.0,5.0,5.0,5.0,5.0,4.0,4.0,4.0,4.0,4.0,4.0,4.0,4.0,3.0,3.0,4.0,4.0,3.0,4.0,4.0,2.0,2.0,3.0,4.0,3.0,4.0,4.0,4.0,4.0,2.0,3.0,2.0,4.0,2.0,3.0,4.0,4.0,4.0,3.0,4.0,4.0,4.0,3.0,3.0,4.0,4.0,4.0,4.0,2.0,3.0,2.0,3.0,2.0,4.0,4.0,4.0,3.0,3.0,2.0,3.0,3.0,2.0,2.6666666666666665,4.916666666666667,3.625,3.2666666666666666,3.3333333333333335
82,100,5.0,4.0,5.0,5.0,5.0,4.0,4.0,5.0,4.0,5.0,5.0,4.0,4.0,4.0,4.0,4.0,4.0,4.0,4.0,3.0,4.0,3.0,4.0,4.0,2.0,4.0,3.0,3.0,4.0,3.0,4.0,3.0,4.0,2.0,2.0,2.0,4.0,4.0,1.0,4.0,5.0,4.0,2.0,4.0,4.0,3.0,3.0,5.0,5.0,5.0,2.0,3.0,4.0,3.0,5.0,2.0,3.0,3.0,3.0,2.0,3.0,4.0,4.0,1.0,4.0,4.0,1.0,1.0,5.0,2.6666666666666665,4.583333333333333,3.4166666666666665,3.6666666666666665,3.25
83,100,4.0,3.0,4.0,4.0,3.0,4.0,3.0,4.0,3.0,2.0,4.0,3.0,3.0,4.0,2.0,4.0,3.0,4.0,3.0,4.0,4.0,3.0,2.0,4.0,2.0,4.0,2.0,3.0,2.0,1.0,1.0,3.0,4.0,4.0,3.0,3.0,4.0,4.0,3.0,3.0,3.0,4.0,4.0,3.0,2.0,3.0,3.0,4.0,3.0,4.0,3.0,2.0,3.0,4.0,3.0,2.0,3.0,2.0,3.0,3.0,2.0,4.0,2.0,3.0,4.0,2.0,3.0,4.0,3.0,3.1666666666666665,3.4166666666666665,3.0,3.3333333333333335,2.75
84,100,3.0,4.0,4.0,4.0,3.0,4.0,4.0,5.0,4.0,2.0,3.0,4.0,2.0,2.0,2.0,3.0,3.0,2.0,3.0,2.0,4.0,4.0,4.0,4.0,4.0,4.0,3.0,2.0,2.0,3.0,2.0,3.0,2.0,2.0,1.0,1.0,4.0,3.0,2.0,1.0,2.0,3.0,4.0,2.0,2.0,3.0,4.0,4.0,2.0,2.0,2.0,2.0,3.0,3.0,4.0,3.0,3.0,3.0,3.0,2.0,2.0,2.0,4.0,3.0,4.0,3.0,4.0,2.0,2.0,3.0,3.6666666666666665,2.6666666666666665,2.6666666666666665,2.8333333333333335
85,100,4.0,4.0,4.0,3.0,4.0,3.0,3.0,2.0,3.0,4.0,2.0,2.0,3.0,3.0,2.0,3.0,3.0,3.0,3.0,3.0,3.0,4.0,4.0,3.0,2.0,4.0,3.0,2.0,3.0,1.0,1.0,1.0,2.0,3.0,3.0,3.0,2.0,3.0,2.0,3.0,2.0,3.0,3.0,3.0,2.0,3.0,3.0,3.0,4.0,4.0,2.0,3.0,3.0,3.0,3.0,2.0,3.0,2.0,3.0,2.0,2.0,3.0,3.0,2.0,3.0,4.0,4.0,2.0,4.0,3.1666666666666665,3.1666666666666665,2.7083333333333335,2.8,2.6666666666666665
86,100,4.0,4.0,4.0,3.0,4.0,5.0,4.0,3.0,4.0,4.0,4.0,4.0,1.0,1.0,2.0,1.0,2.0,1.0,1.0,1.0,2.0,2.0,2.0,2.0,1.0,4.0,2.0,1.0,3.0,3.0,3.0,3.0,3.0,3.0,4.0,4.0,1.0,3.0,1.0,1.0,2.0,2.0,4.0,3.0,2.0,3.0,3.0,3.0,2.0,1.0,2.0,4.0,5.0,5.0,5.0,3.0,3.0,4.0,4.0,2.0,3.0,4.0,4.0,3.0,2.0,1.0,2.0,4.0,3.0,2.5,3.9166666666666665,2.1666666666666665,2.2,3.8333333333333335
87,100,3.0,3.0,4.0,3.0,4.0,5.0,4.0,2.0,4.0,4.0,3.0,4.0,3.0,3.0,4.0,4.0,5.0,2.0,3.0,2.0,3.0,2.0,1.0,3.0,3.0,4.0,3.0,3.0,3.0,3.0,4.0,4.0,4.0,2.0,3.0,3.0,4.0,5.0,1.0,3.0,4.0,5.0,5.0,1.0,1.0,3.0,5.0,5.0,3.0,4.0,1.0,2.0,3.0,5.0,5.0,1.0,3.0,2.0,2.0,3.0,1.0,4.0,4.0,3.0,2.0,2.0,1.0,1.0,1.0,1.6666666666666667,3.5833333333333335,3.0833333333333335,3.3333333333333335,2.9166666666666665
88,100,4.0,4.0,4.0,4.0,5.0,2.0,2.0,4.0,2.0,4.0,5.0,2.0,1.0,1.0,2.0,4.0,4.0,1.0,2.0,1.0,1.0,2.0,1.0,1.0,1.0,4.0,3.0,1.0,3.0,4.0,2.0,1.0,3.0,2.0,1.0,4.0,3.0,4.0,2.0,4.0,3.0,3.0,4.0,4.0,2.0,3.0,3.0,4.0,4.0,3.0,3.0,3.0,3.0,3.0,4.0,2.0,3.0,2.0,3.0,3.0,2.0,4.0,3.0,3.0,4.0,2.0,1.0,4.0,4.0,3.0,3.5,2.0833333333333335,3.2666666666666666,2.9166666666666665
89,100,4.0,4.0,5.0,5.0,4.0,5.0,5.0,5.0,5.0,2.0,5.0,5.0,3.0,3.0,2.0,4.0,4.0,4.0,3.0,2.0,3.0,2.0,3.0,3.0,2.0,4.0,2.0,1.0,3.0,3.0,4.0,3.0,4.0,2.0,1.0,1.0,3.0,3.0,2.0,4.0,2.0,3.0,3.0,3.0,2.0,3.0,3.0,2.0,3.0,1.0,2.0,4.0,4.0,4.0,5.0,3.0,3.0,2.0,3.0,2.0,2.0,5.0,5.0,2.0,4.0,2.0,3.0,1.0,4.0,2.6666666666666665,4.5,2.75,2.6,3.5
90,100,1.0,2.0,3.0,3.0,1.0,1.0,1.0,2.0,2.0,1.0,4.0,2.0,1.0,1.0,1.0,3.0,1.0,1.0,3.0,3.0,4.0,3.0,3.0,5.0,4.0,4.0,2.0,4.0,5.0,4.0,5.0,5.0,5.0,5.0,5.0,4.0,1.0,1.0,1.0,1.0,1.0,1.0,1.0,1.0,1.0,3.0,1.0,1.0,1.0,1.0,1.0,2.0,5.0,4.0,5.0,5.0,3.0,5.0,5.0,3.0,5.0,2.0,5.0,1.0,1.0,1.0,1.0,1.0,2.0,1.1666666666666667,1.9166666666666667,3.375,1.1333333333333333,4.083333333333333
91,100,5.0,5.0,4.0,2.0,5.0,4.0,4.0,2.0,4.0,5.0,3.0,4.0,3.0,3.0,3.0,4.0,4.0,3.0,4.0,4.0,3.0,3.0,2.0,3.0,3.0,4.0,4.0,4.0,4.0,4.0,3.0,4.0,3.0,2.0,3.0,2.0,5.0,4.0,4.0,4.0,4.0,5.0,5.0,5.0,4.0,3.0,4.0,4.0,5.0,4.0,4.0,2.0,2.0,3.0,3.0,1.0,3.0,3.0,2.0,1.0,1.0,3.0,3.0,2.0,2.0,3.0,2.0,2.0,4.0,2.5,3.9166666666666665,3.2916666666666665,4.266666666666667,2.25
92,100,4.0,4.0,3.0,2.0,3.0,4.0,2.0,2.0,4.0,5.0,3.0,4.0,4.0,4.0,3.0,4.0,4.0,4.0,4.0,4.0,4.0,5.0,4.0,3.0,2.0,4.0,3.0,3.0,3.0,3.0,2.0,4.0,3.0,2.0,4.0,2.0,3.0,3.0,2.0,4.0,2.0,3.0,3.0,3.0,3.0,3.0,4.0,3.0,4.0,2.0,2.0,3.0,3.0,3.0,3.0,2.0,3.0,3.0,2.0,2.0,1.0,3.0,3.0,3.0,3.0,3.0,4.0,2.0,4.0,3.1666666666666665,3.3333333333333335,3.4166666666666665,2.933333333333333,2.5833333333333335
93,100,3.0,3.0,3.0,2.0,3.0,3.0,2.0,1.0,4.0,3.0,2.0,2.0,5.0,4.0,4.0,5.0,5.0,5.0,4.0,3.0,3.0,4.0,4.0,4.0,1.0,4.0,2.0,2.0,2.0,3.0,1.0,2.0,2.0,2.0,2.0,3.0,3.0,3.0,2.0,4.0,2.0,4.0,4.0,4.0,3.0,3.0,3.0,4.0,3.0,5.0,3.0,3.0,3.0,4.0,5.0,2.0,3.0,3.0,2.0,3.0,2.0,4.0,4.0,3.0,2.0,2.0,2.0,2.0,4.0,2.5,2.5833333333333335,3.1666666666666665,3.3333333333333335,3.1666666666666665
95,100,2.0,3.0,1.0,1.0,4.0,4.0,4.0,1.0,4.0,3.0,1.0,3.0,4.0,3.0,3.0,3.0,2.0,3.0,3.0,3.0,3.0,1.0,2.0,3.0,2.0,4.0,3.0,2.0,2.0,2.0,3.0,3.0,3.0,4.0,4.0,3.0,1.0,1.0,1.0,2.0,1.0,3.0,3.0,1.0,1.0,3.0,2.0,3.0,2.0,2.0,1.0,3.0,4.0,5.0,4.0,3.0,3.0,3.0,2.0,3.0,4.0,3.0,2.0,1.0,2.0,3.0,3.0,2.0,3.0,2.3333333333333335,2.5833333333333335,2.8333333333333335,1.8,3.25
96,100,5.0,5.0,4.0,5.0,5.0,5.0,5.0,5.0,5.0,4.0,4.0,5.0,4.0,4.0,4.0,4.0,4.0,4.0,4.0,4.0,4.0,4.0,4.0,4.0,4.0,4.0,4.0,5.0,5.0,4.0,4.0,4.0,4.0,5.0,4.0,4.0,2.0,4.0,3.0,4.0,4.0,4.0,4.0,4.0,4.0,3.0,4.0,4.0,5.0,4.0,4.0,4.0,4.0,3.0,4.0,1.0,3.0,2.0,3.0,2.0,3.0,3.0,3.0,3.0,4.0,1.0,4.0,4.0,4.0,3.3333333333333335,4.75,4.125,3.8,2.9166666666666665
97,100,3.0,3.0,4.0,4.0,4.0,4.0,4.0,4.0,4.0,4.0,5.0,4.0,3.0,4.0,3.0,4.0,4.0,4.0,4.0,4.0,3.0,4.0,5.0,3.0,4.0,4.0,3.0,3.0,4.0,4.0,4.0,3.0,4.0,5.0,5.0,5.0,4.0,4.0,3.0,2.0,5.0,4.0,5.0,4.0,4.0,3.0,4.0,5.0,4.0,5.0,4.0,3.0,2.0,3.0,3.0,2.0,3.0,2.0,2.0,3.0,2.0,3.0,3.0,4.0,3.0,2.0,2.0,3.0,5.0,3.1666666666666665,3.9166666666666665,3.875,4.0,2.5833333333333335
98,100,2.0,3.0,4.0,4.0,3.0,3.0,4.0,3.0,4.0,3.0,4.0,5.0,3.0,4.0,3.0,4.0,4.0,5.0,4.0,4.0,4.0,5.0,4.0,4.0,2.0,4.0,4.0,4.0,4.0,4.0,3.0,3.0,4.0,4.0,4.0,4.0,5.0,5.0,4.0,5.0,5.0,4.0,4.0,5.0,3.0,3.0,4.0,4.0,4.0,5.0,3.0,3.0,2.0,4.0,3.0,2.0,3.0,2.0,1.0,2.0,2.0,3.0,3.0,2.0,2.0,2.0,2.0,2.0,2.0,2.0,3.5,3.8333333333333335,4.2,2.5
99,100,3.0,4.0,5.0,3.0,3.0,4.0,5.0,3.0,4.0,4.0,4.0,4.0,4.0,3.0,3.0,3.0,3.0,3.0,3.0,3.0,3.0,2.0,2.0,2.0,2.0,4.0,3.0,2.0,3.0,2.0,2.0,2.0,2.0,3.0,3.0,3.0,1.0,1.0,1.0,3.0,1.0,1.0,1.0,1.0,2.0,3.0,2.0,3.0,4.0,1.0,1.0,3.0,5.0,5.0,5.0,3.0,3.0,2.0,5.0,2.0,3.0,4.0,5.0,1.0,4.0,2.0,4.0,3.0,4.0,3.0,3.8333333333333335,2.7083333333333335,1.7333333333333334,3.75
100,100,4.0,4.0,5.0,4.0,4.0,4.0,4.0,3.0,4.0,4.0,5.0,4.0,2.0,3.0,2.0,3.0,3.0,2.0,2.0,3.0,3.0,3.0,1.0,3.0,2.0,4.0,3.0,3.0,3.0,3.0,3.0,4.0,3.0,2.0,2.0,2.0,2.0,1.0,2.0,3.0,1.0,2.0,1.0,1.0,2.0,3.0,2.0,3.0,3.0,2.0,1.0,5.0,5.0,5.0,5.0,4.0,3.0,5.0,5.0,3.0,5.0,5.0,4.0,2.0,2.0,2.0,2.0,2.0,3.0,2.1666666666666665,4.083333333333333,2.6666666666666665,1.9333333333333333,4.5
101,100,1.0,2.0,3.0,1.0,2.0,2.0,1.0,1.0,3.0,1.0,3.0,2.0,2.0,2.0,2.0,3.0,3.0,3.0,3.0,2.0,2.0,1.0,1.0,3.0,1.0,4.0,3.0,1.0,2.0,2.0,1.0,3.0,3.0,1.0,1.0,1.0,3.0,4.0,2.0,4.0,1.0,4.0,4.0,3.0,2.0,3.0,4.0,4.0,1.0,4.0,2.0,3.0,4.0,5.0,3.0,3.0,3.0,3.0,3.0,3.0,3.0,4.0,4.0,1.0,3.0,3.0,1.0,3.0,5.0,2.6666666666666665,1.8333333333333333,2.0833333333333335,3.0,3.4166666666666665
102,100,3.0,4.0,4.0,3.0,3.0,3.0,3.0,2.0,4.0,3.0,3.0,3.0,3.0,3.0,4.0,3.0,3.0,4.0,3.0,3.0,4.0,3.0,3.0,4.0,2.0,4.0,2.0,3.0,3.0,3.0,3.0,2.0,3.0,3.0,2.0,3.0,2.0,3.0,2.0,2.0,4.0,3.0,3.0,3.0,3.0,3.0,4.0,4.0,3.0,4.0,3.0,3.0,3.0,3.0,3.0,3.0,3.0,2.0,3.0,3.0,4.0,4.0,4.0,3.0,2.0,2.0,2.0,2.0,2.0,2.1666666666666665,3.1666666666666665,3.0416666666666665,3.066666666666667,3.1666666666666665
103,100,4.0,2.0,5.0,1.0,5.0,5.0,5.0,2.0,2.0,5.0,5.0,2.0,1.0,1.0,5.0,5.0,5.0,5.0,5.0,5.0,1.0,5.0,1.0,1.0,3.0,4.0,2.0,2.0,4.0,3.0,1.0,4.0,1.0,3.0,1.0,2.0,5.0,5.0,5.0,5.0,5.0,5.0,5.0,5.0,5.0,3.0,5.0,5.0,5.0,5.0,5.0,5.0,2.0,3.0,3.0,4.0,3.0,3.0,5.0,1.0,1.0,5.0,5.0,3.0,5.0,5.0,3.0,1.0,1.0,3.0,3.5833333333333335,2.9166666666666665,4.866666666666666,3.3333333333333335
105,100,4.0,4.0,5.0,5.0,4.0,5.0,5.0,5.0,4.0,4.0,5.0,5.0,3.0,3.0,3.0,3.0,3.0,4.0,4.0,3.0,3.0,2.0,2.0,1.0,1.0,4.0,2.0,1.0,1.0,2.0,2.0,2.0,2.0,2.0,1.0,1.0,1.0,3.0,1.0,3.0,4.0,4.0,4.0,4.0,3.0,3.0,3.0,4.0,5.0,4.0,3.0,3.0,4.0,4.0,5.0,2.0,3.0,3.0,3.0,2.0,3.0,5.0,4.0,2.0,3.0,3.0,4.0,4.0,2.0,3.0,4.583333333333333,2.2916666666666665,3.2666666666666666,3.4166666666666665
106,100,3.0,2.0,3.0,2.0,2.0,2.0,2.0,3.0,2.0,3.0,3.0,2.0,2.0,2.0,2.0,2.0,2.0,2.0,2.0,3.0,3.0,3.0,2.0,3.0,1.0,4.0,3.0,2.0,2.0,2.0,1.0,2.0,3.0,2.0,2.0,2.0,3.0,3.0,2.0,4.0,3.0,4.0,4.0,3.0,2.0,3.0,3.0,5.0,2.0,4.0,3.0,3.0,3.0,3.0,4.0,3.0,3.0,4.0,3.0,3.0,3.0,3.0,4.0,3.0,3.0,3.0,4.0,4.0,5.0,3.6666666666666665,2.4166666666666665,2.25,3.2,3.25
107,100,5.0,4.0,5.0,5.0,4.0,2.0,2.0,4.0,3.0,4.0,4.0,4.0,4.0,4.0,3.0,5.0,5.0,5.0,4.0,3.0,5.0,5.0,5.0,5.0,3.0,4.0,5.0,4.0,4.0,4.0,1.0,4.0,3.0,4.0,5.0,3.0,1.0,4.0,1.0,4.0,3.0,3.0,5.0,4.0,4.0,3.0,4.0,4.0,4.0,4.0,2.0,4.0,3.0,5.0,5.0,2.0,3.0,3.0,3.0,2.0,2.0,5.0,4.0,1.0,2.0,5.0,2.0,3.0,3.0,2.6666666666666665,3.8333333333333335,4.041666666666667,3.3333333333333335,3.4166666666666665
108,100,3.0,2.0,5.0,4.0,4.0,3.0,4.0,5.0,3.0,3.0,5.0,3.0,2.0,2.0,3.0,3.0,3.0,2.0,2.0,2.0,1.0,1.0,3.0,3.0,1.0,4.0,2.0,2.0,3.0,2.0,1.0,2.0,2.0,3.0,3.0,3.0,3.0,3.0,3.0,4.0,4.0,3.0,4.0,2.0,2.0,3.0,4.0,4.0,3.0,4.0,2.0,3.0,3.0,4.0,4.0,3.0,3.0,3.0,2.0,3.0,2.0,4.0,4.0,3.0,4.0,1.0,3.0,3.0,4.0,3.0,3.6666666666666665,2.2916666666666665,3.2,3.1666666666666665
109,100,4.0,4.0,4.0,4.0,4.0,4.0,4.0,4.0,4.0,3.0,4.0,4.0,3.0,3.0,3.0,4.0,4.0,4.0,3.0,3.0,4.0,4.0,4.0,4.0,3.0,4.0,4.0,3.0,4.0,3.0,3.0,4.0,4.0,4.0,4.0,4.0,2.0,3.0,1.0,4.0,3.0,3.0,4.0,3.0,3.0,3.0,3.0,3.0,4.0,4.0,4.0,4.0,4.0,3.0,4.0,3.0,3.0,3.0,4.0,2.0,3.0,4.0,4.0,2.0,3.0,2.0,2.0,3.0,3.0,2.5,3.9166666666666665,3.625,3.1333333333333333,3.4166666666666665
111,100,5.0,5.0,5.0,5.0,5.0,5.0,5.0,5.0,5.0,5.0,5.0,5.0,1.0,1.0,1.0,1.0,1.0,1.0,1.0,1.0,1.0,3.0,1.0,1.0,1.0,4.0,1.0,1.0,1.0,1.0,1.0,1.0,1.0,1.0,1.0,1.0,4.0,4.0,3.0,4.0,4.0,4.0,3.0,4.0,4.0,3.0,5.0,5.0,5.0,5.0,4.0,1.0,3.0,3.0,3.0,2.0,3.0,2.0,2.0,2.0,2.0,4.0,3.0,1.0,5.0,3.0,1.0,2.0,4.0,2.6666666666666665,5.0,1.2083333333333333,4.066666666666666,2.5
115,100,2.0,4.0,2.0,2.0,3.0,4.0,4.0,2.0,4.0,2.0,2.0,5.0,3.0,3.0,3.0,3.0,4.0,3.0,4.0,4.0,3.0,4.0,4.0,3.0,3.0,4.0,4.0,3.0,5.0,4.0,3.0,4.0,3.0,2.0,4.0,4.0,1.0,3.0,1.0,4.0,4.0,2.0,2.0,2.0,3.0,3.0,3.0,3.0,3.0,4.0,2.0,5.0,5.0,5.0,5.0,3.0,3.0,3.0,3.0,3.0,3.0,5.0,5.0,2.0,3.0,1.0,4.0,1.0,1.0,2.0,3.0,3.5,2.6666666666666665,4.0
116,100,5.0,4.0,4.0,4.0,4.0,3.0,4.0,5.0,4.0,4.0,2.0,3.0,3.0,3.0,3.0,3.0,3.0,4.0,3.0,4.0,2.0,1.0,2.0,1.0,1.0,4.0,2.0,1.0,1.0,1.0,2.0,3.0,1.0,1.0,1.0,1.0,3.0,4.0,1.0,5.0,2.0,3.0,5.0,2.0,3.0,3.0,4.0,5.0,3.0,5.0,2.0,3.0,4.0,4.0,5.0,3.0,3.0,2.0,1.0,3.0,2.0,5.0,5.0,1.0,3.0,1.0,5.0,4.0,5.0,3.1666666666666665,3.8333333333333335,2.125,3.3333333333333335,3.3333333333333335
117,100,4.0,3.0,4.0,4.0,3.0,3.0,3.0,2.0,3.0,4.0,3.0,3.0,4.0,4.0,2.0,5.0,4.0,4.0,5.0,5.0,5.0,3.0,2.0,2.0,1.0,4.0,2.0,1.0,1.0,1.0,1.0,1.0,1.0,2.0,2.0,1.0,4.0,5.0,4.0,4.0,4.0,5.0,5.0,4.0,4.0,3.0,5.0,5.0,5.0,5.0,4.0,3.0,2.0,3.0,3.0,1.0,3.0,2.0,1.0,2.0,1.0,3.0,3.0,4.0,4.0,3.0,4.0,5.0,5.0,4.166666666666667,3.25,2.625,4.4,2.25
118,100,5.0,4.0,5.0,5.0,5.0,4.0,3.0,4.0,3.0,4.0,5.0,4.0,2.0,2.0,1.0,3.0,3.0,3.0,3.0,3.0,2.0,3.0,3.0,3.0,3.0,4.0,3.0,3.0,3.0,2.0,2.0,2.0,2.0,2.0,2.0,2.0,2.0,4.0,2.0,4.0,3.0,4.0,4.0,4.0,3.0,3.0,4.0,4.0,4.0,3.0,2.0,3.0,3.0,3.0,4.0,2.0,3.0,2.0,3.0,2.0,2.0,3.0,3.0,3.0,3.0,2.0,4.0,5.0,5.0,3.6666666666666665,4.25,2.5416666666666665,3.3333333333333335,2.75
119,100,4.0,4.0,2.0,2.0,4.0,4.0,4.0,1.0,4.0,4.0,2.0,4.0,3.0,3.0,2.0,4.0,4.0,4.0,3.0,2.0,3.0,1.0,3.0,3.0,1.0,4.0,1.0,1.0,2.0,2.0,1.0,1.0,2.0,2.0,2.0,2.0,1.0,3.0,1.0,4.0,3.0,4.0,5.0,2.0,4.0,3.0,3.0,5.0,3.0,5.0,3.0,3.0,3.0,4.0,4.0,2.0,3.0,3.0,3.0,2.0,3.0,5.0,3.0,4.0,4.0,4.0,3.0,2.0,4.0,3.5,3.25,2.3333333333333335,3.2666666666666666,3.1666666666666665
122,100,2.0,2.0,3.0,1.0,2.0,3.0,3.0,1.0,2.0,1.0,1.0,2.0,4.0,4.0,3.0,4.0,4.0,4.0,4.0,3.0,3.0,4.0,4.0,3.0,3.0,4.0,3.0,2.0,3.0,3.0,4.0,3.0,2.0,3.0,2.0,2.0,3.0,2.0,2.0,4.0,2.0,2.0,4.0,3.0,3.0,3.0,4.0,2.0,3.0,5.0,2.0,4.0,4.0,5.0,3.0,4.0,3.0,3.0,4.0,5.0,4.0,5.0,4.0,1.0,2.0,3.0,1.0,4.0,3.0,2.3333333333333335,1.9166666666666667,3.25,2.933333333333333,4.0
124,100,3.0,3.0,5.0,5.0,4.0,4.0,5.0,5.0,5.0,4.0,5.0,4.0,4.0,4.0,4.0,4.0,4.0,4.0,4.0,4.0,4.0,4.0,4.0,4.0,2.0,4.0,3.0,2.0,2.0,4.0,2.0,3.0,3.0,3.0,3.0,3.0,2.0,2.0,2.0,3.0,3.0,3.0,3.0,3.0,3.0,3.0,3.0,5.0,4.0,4.0,2.0,4.0,3.0,3.0,4.0,3.0,3.0,3.0,4.0,3.0,3.0,4.0,3.0,2.0,3.0,1.0,2.0,2.0,2.0,2.0,4.333333333333333,3.4166666666666665,3.0,3.3333333333333335
125,100,4.0,4.0,4.0,4.0,4.0,4.0,3.0,3.0,3.0,2.0,3.0,4.0,3.0,3.0,4.0,4.0,4.0,3.0,2.0,3.0,2.0,4.0,4.0,3.0,3.0,4.0,3.0,2.0,3.0,3.0,3.0,2.0,2.0,2.0,4.0,4.0,3.0,4.0,4.0,3.0,4.0,4.0,4.0,4.0,3.0,3.0,4.0,4.0,4.0,4.0,4.0,3.0,3.0,3.0,3.0,2.0,3.0,2.0,3.0,3.0,3.0,3.0,3.0,2.0,3.0,4.0,3.0,2.0,3.0,2.8333333333333335,3.5,3.0833333333333335,3.7333333333333334,2.8333333333333335
126,100,5.0,2.0,5.0,5.0,5.0,4.0,4.0,5.0,2.0,5.0,5.0,1.0,2.0,1.0,1.0,2.0,2.0,2.0,2.0,1.0,1.0,1.0,2.0,1.0,1.0,4.0,1.0,1.0,1.0,1.0,1.0,1.0,1.0,1.0,1.0,1.0,5.0,5.0,5.0,5.0,5.0,4.0,5.0,5.0,4.0,3.0,5.0,5.0,5.0,4.0,5.0,1.0,1.0,2.0,2.0,2.0,3.0,2.0,2.0,1.0,2.0,1.0,1.0,2.0,2.0,3.0,2.0,1.0,5.0,2.5,4.0,1.375,4.666666666666667,1.6666666666666667
127,100,5.0,5.0,5.0,5.0,5.0,4.0,3.0,5.0,4.0,5.0,5.0,3.0,4.0,4.0,3.0,4.0,3.0,3.0,3.0,3.0,4.0,5.0,4.0,4.0,4.0,4.0,3.0,4.0,3.0,3.0,4.0,4.0,4.0,3.0,4.0,3.0,4.0,4.0,1.0,3.0,2.0,4.0,4.0,4.0,3.0,3.0,4.0,4.0,3.0,4.0,3.0,3.0,3.0,3.0,3.0,3.0,3.0,4.0,2.0,4.0,5.0,2.0,3.0,3.0,3.0,3.0,4.0,3.0,4.0,3.3333333333333335,4.5,3.625,3.3333333333333335,3.1666666666666665
128,100,4.0,4.0,4.0,4.0,4.0,4.0,3.0,4.0,3.0,4.0,4.0,4.0,3.0,2.0,3.0,4.0,3.0,3.0,4.0,5.0,4.0,2.0,3.0,3.0,3.0,4.0,3.0,3.0,3.0,2.0,2.0,2.0,3.0,2.0,3.0,1.0,4.0,3.0,2.0,4.0,4.0,4.0,5.0,4.0,3.0,3.0,4.0,3.0,4.0,3.0,3.0,3.0,3.0,2.0,3.0,2.0,3.0,2.0,4.0,2.0,1.0,3.0,2.0,5.0,4.0,3.0,2.0,3.0,4.0,3.5,3.8333333333333335,2.9166666666666665,3.533333333333333,2.5
129,100,3.0,3.0,2.0,2.0,5.0,5.0,5.0,1.0,4.0,5.0,2.0,4.0,2.0,2.0,1.0,3.0,3.0,3.0,3.0,2.0,2.0,3.0,3.0,2.0,1.0,4.0,3.0,1.0,3.0,3.0,2.0,2.0,2.0,2.0,1.0,1.0,1.0,1.0,1.0,3.0,1.0,3.0,2.0,2.0,1.0,3.0,3.0,4.0,4.0,1.0,1.0,5.0,5.0,5.0,5.0,3.0,3.0,2.0,4.0,3.0,3.0,5.0,5.0,1.0,1.0,1.0,1.0,5.0,3.0,2.0,3.4166666666666665,2.25,2.066666666666667,4.0
130,100,5.0,5.0,5.0,5.0,5.0,5.0,4.0,5.0,5.0,5.0,4.0,5.0,4.0,4.0,5.0,4.0,5.0,4.0,4.0,5.0,4.0,4.0,2.0,2.0,3.0,4.0,3.0,3.0,3.0,3.0,4.0,4.0,4.0,3.0,3.0,3.0,4.0,4.0,4.0,4.0,4.0,4.0,4.0,4.0,4.0,3.0,5.0,4.0,5.0,4.0,4.0,3.0,3.0,3.0,3.0,2.0,3.0,2.0,2.0,2.0,2.0,3.0,3.0,3.0,3.0,2.0,3.0,5.0,5.0,3.5,4.833333333333333,3.625,4.066666666666666,2.5833333333333335
131,100,5.0,5.0,5.0,5.0,5.0,5.0,5.0,5.0,5.0,5.0,5.0,4.0,4.0,5.0,5.0,5.0,5.0,5.0,5.0,5.0,4.0,4.0,5.0,4.0,4.0,4.0,5.0,4.0,4.0,3.0,4.0,3.0,3.0,5.0,4.0,5.0,5.0,5.0,5.0,5.0,5.0,5.0,5.0,5.0,5.0,3.0,5.0,5.0,5.0,5.0,5.0,3.0,3.0,3.0,3.0,1.0,3.0,1.0,1.0,2.0,1.0,3.0,2.0,3.0,3.0,3.0,4.0,5.0,4.0,3.6666666666666665,4.916666666666667,4.333333333333333,4.866666666666666,2.1666666666666665
132,100,3.0,4.0,3.0,3.0,3.0,3.0,3.0,3.0,4.0,3.0,3.0,2.0,4.0,4.0,3.0,4.0,4.0,4.0,4.0,4.0,4.0,4.0,4.0,3.0,4.0,4.0,3.0,3.0,4.0,3.0,3.0,3.0,3.0,3.0,3.0,3.0,3.0,3.0,3.0,4.0,3.0,4.0,4.0,4.0,4.0,3.0,4.0,4.0,4.0,4.0,4.0,3.0,3.0,4.0,3.0,3.0,3.0,2.0,3.0,3.0,2.0,4.0,3.0,3.0,3.0,2.0,2.0,2.0,3.0,2.5,3.0833333333333335,3.5416666666666665,3.6666666666666665,3.0
133,100,5.0,5.0,4.0,3.0,5.0,4.0,3.0,4.0,5.0,5.0,3.0,5.0,5.0,5.0,5.0,5.0,5.0,5.0,5.0,5.0,5.0,4.0,5.0,5.0,3.0,4.0,4.0,4.0,4.0,3.0,3.0,4.0,3.0,4.0,3.0,3.0,5.0,5.0,3.0,5.0,5.0,4.0,5.0,5.0,5.0,3.0,5.0,5.0,4.0,4.0,4.0,3.0,3.0,3.0,3.0,2.0,3.0,2.0,1.0,2.0,2.0,4.0,3.0,2.0,3.0,1.0,3.0,4.0,4.0,2.8333333333333335,4.25,4.208333333333333,4.466666666666667,2.5833333333333335
135,100,5.0,5.0,5.0,5.0,4.0,5.0,4.0,4.0,5.0,5.0,4.0,4.0,4.0,4.0,4.0,4.0,4.0,5.0,5.0,4.0,4.0,1.0,1.0,1.0,1.0,4.0,1.0,1.0,1.0,1.0,1.0,1.0,1.0,1.0,1.0,1.0,4.0,4.0,3.0,4.0,5.0,4.0,5.0,5.0,4.0,3.0,5.0,5.0,5.0,5.0,4.0,2.0,1.0,5.0,4.0,1.0,3.0,1.0,1.0,2.0,1.0,3.0,2.0,5.0,4.0,3.0,3.0,3.0,5.0,3.8333333333333335,4.583333333333333,2.3333333333333335,4.333333333333333,2.1666666666666665
136,100,4.0,3.0,4.0,3.0,4.0,4.0,3.0,2.0,4.0,5.0,4.0,3.0,4.0,4.0,4.0,4.0,4.0,4.0,4.0,4.0,3.0,4.0,3.0,4.0,3.0,4.0,3.0,2.0,3.0,3.0,2.0,3.0,3.0,2.0,3.0,2.0,4.0,4.0,4.0,4.0,3.0,4.0,4.0,5.0,4.0,3.0,4.0,5.0,4.0,4.0,4.0,3.0,2.0,3.0,3.0,2.0,3.0,2.0,2.0,3.0,2.0,3.0,3.0,4.0,5.0,2.0,4.0,4.0,4.0,3.8333333333333335,3.5833333333333335,3.2916666666666665,4.0,2.5833333333333335
137,100,4.0,4.0,5.0,4.0,4.0,4.0,4.0,4.0,4.0,4.0,5.0,4.0,3.0,4.0,3.0,3.0,4.0,4.0,4.0,3.0,5.0,5.0,4.0,5.0,2.0,4.0,3.0,4.0,3.0,3.0,4.0,3.0,3.0,4.0,4.0,4.0,4.0,4.0,2.0,4.0,3.0,4.0,3.0,3.0,4.0,3.0,3.0,3.0,4.0,4.0,3.0,4.0,3.0,4.0,4.0,2.0,3.0,2.0,3.0,3.0,3.0,4.0,4.0,2.0,3.0,1.0,3.0,4.0,3.0,2.6666666666666665,4.166666666666667,3.6666666666666665,3.4,3.25
139,100,4.0,4.0,4.0,4.0,4.0,4.0,4.0,4.0,4.0,4.0,4.0,4.0,3.0,3.0,4.0,3.0,3.0,3.0,3.0,3.0,3.0,3.0,3.0,3.0,3.0,4.0,3.0,3.0,3.0,3.0,3.0,3.0,3.0,3.0,3.0,3.0,2.0,2.0,1.0,1.0,1.0,1.0,1.0,1.0,1.0,3.0,2.0,4.0,5.0,1.0,1.0,4.0,3.0,3.0,4.0,3.0,3.0,3.0,3.0,3.0,2.0,3.0,3.0,2.0,4.0,3.0,2.0,3.0,3.0,2.8333333333333335,4.0,3.0833333333333335,1.8,3.0833333333333335
142,69,4.0,5.0,5.0,4.0,5.0,5.0,5.0,2.0,4.0,5.0,4.0,4.0,3.0,3.0,3.0,4.0,4.0,3.0,4.0,4.0,2.0,4.0,3.0,4.0,3.0,4.0,2.0,3.0,2.0,3.0,4.0,2.0,4.0,4.0,4.0,4.0,2.0,3.0,2.0,4.0,4.0,4.0,4.0,2.0,3.0,3.0,4.0,4.0,4.0,3.0,2.0,3.0,2.0,4.0,5.0,3.0,3.0,2.0,2.0,4.0,2.0,5.0,2.0,4.0,3.0,2.0,3.0,4.0,4.0,3.3333333333333335,4.333333333333333,3.3333333333333335,3.2,3.0833333333333335
149,69,4.0,3.0,4.0,2.0,4.0,4.0,4.0,2.0,4.0,3.0,3.0,4.0,3.0,3.0,3.0,3.0,4.0,4.0,4.0,3.0,3.0,3.0,4.0,3.0,3.0,4.0,2.0,3.0,4.0,4.0,2.0,3.0,3.0,3.0,2.0,3.0,3.0,3.0,2.0,4.0,3.0,4.0,3.0,3.0,4.0,3.0,4.0,4.0,4.0,4.0,3.0,4.0,3.0,3.0,4.0,3.0,3.0,3.0,3.0,2.0,3.0,3.0,3.0,3.0,4.0,3.0,4.0,2.0,3.0,3.1666666666666665,3.4166666666666665,3.1666666666666665,3.4,3.0833333333333335
150,100,4.0,3.0,4.0,4.0,4.0,4.0,4.0,4.0,4.0,4.0,5.0,4.0,4.0,4.0,3.0,4.0,5.0,4.0,4.0,4.0,5.0,5.0,4.0,5.0,2.0,4.0,3.0,4.0,3.0,4.0,4.0,4.0,4.0,3.0,4.0,4.0,3.0,4.0,2.0,4.0,3.0,3.0,4.0,4.0,4.0,3.0,4.0,4.0,4.0,4.0,3.0,3.0,4.0,3.0,3.0,2.0,3.0,3.0,3.0,3.0,2.0,4.0,3.0,4.0,5.0,3.0,4.0,4.0,4.0,4.0,4.0,3.9166666666666665,3.533333333333333,3.0
152,69,4.0,5.0,4.0,4.0,4.0,4.0,4.0,4.0,4.0,4.0,4.0,4.0,3.0,4.0,3.0,3.0,3.0,3.0,3.0,4.0,4.0,3.0,2.0,3.0,4.0,4.0,4.0,4.0,4.0,4.0,3.0,4.0,4.0,4.0,4.0,3.0,3.0,3.0,3.0,4.0,3.0,3.0,3.0,3.0,4.0,3.0,3.0,4.0,5.0,4.0,3.0,4.0,3.0,4.0,4.0,3.0,3.0,2.0,3.0,3.0,3.0,3.0,3.0,3.0,3.0,3.0,3.0,2.0,2.0,2.6666666666666665,4.083333333333333,3.5,3.4,3.1666666666666665
154,100,3.0,2.0,2.0,2.0,3.0,3.0,3.0,2.0,4.0,2.0,3.0,4.0,3.0,3.0,3.0,3.0,3.0,2.0,3.0,3.0,4.0,4.0,3.0,3.0,2.0,4.0,3.0,2.0,3.0,3.0,2.0,3.0,3.0,4.0,4.0,4.0,3.0,2.0,1.0,3.0,4.0,3.0,3.0,1.0,4.0,3.0,2.0,3.0,1.0,4.0,1.0,3.0,4.0,3.0,3.0,2.0,3.0,3.0,4.0,1.0,2.0,4.0,4.0,3.0,3.0,4.0,2.0,4.0,3.0,3.1666666666666665,2.75,3.0833333333333335,2.533333333333333,3.0
155,100,4.0,4.0,4.0,3.0,4.0,4.0,4.0,3.0,4.0,4.0,5.0,4.0,2.0,2.0,2.0,2.0,2.0,2.0,2.0,2.0,3.0,3.0,3.0,4.0,2.0,4.0,2.0,2.0,3.0,2.0,2.0,2.0,2.0,3.0,3.0,3.0,4.0,3.0,3.0,4.0,3.0,3.0,4.0,3.0,4.0,3.0,4.0,4.0,4.0,3.0,3.0,1.0,3.0,2.0,3.0,2.0,3.0,2.0,2.0,2.0,3.0,3.0,3.0,2.0,3.0,3.0,3.0,2.0,3.0,2.6666666666666665,3.9166666666666665,2.4583333333333335,3.466666666666667,2.4166666666666665
156,100,5.0,5.0,5.0,5.0,5.0,5.0,5.0,4.0,5.0,4.0,5.0,5.0,4.0,4.0,3.0,5.0,4.0,3.0,4.0,4.0,4.0,3.0,5.0,4.0,4.0,4.0,4.0,4.0,5.0,5.0,4.0,5.0,4.0,5.0,5.0,4.0,3.0,5.0,2.0,4.0,3.0,4.0,4.0,3.0,4.0,3.0,4.0,5.0,5.0,4.0,3.0,4.0,3.0,3.0,4.0,2.0,3.0,2.0,2.0,2.0,1.0,5.0,4.0,2.0,3.0,2.0,2.0,1.0,3.0,2.1666666666666665,4.833333333333333,4.166666666666667,3.7333333333333334,2.9166666666666665
158,100,5.0,5.0,5.0,5.0,5.0,5.0,5.0,4.0,5.0,5.0,4.0,5.0,4.0,4.0,5.0,5.0,5.0,4.0,5.0,5.0,3.0,4.0,2.0,4.0,1.0,4.0,3.0,1.0,1.0,4.0,4.0,2.0,5.0,2.0,1.0,2.0,2.0,1.0,1.0,4.0,3.0,3.0,3.0,3.0,2.0,3.0,4.0,4.0,5.0,5.0,2.0,4.0,4.0,5.0,5.0,2.0,3.0,3.0,4.0,2.0,3.0,4.0,5.0,1.0,3.0,2.0,1.0,3.0,3.0,2.1666666666666665,4.833333333333333,3.3333333333333335,3.0,3.6666666666666665
159,100,5.0,5.0,3.0,3.0,4.0,4.0,4.0,4.0,5.0,5.0,4.0,5.0,4.0,4.0,4.0,4.0,5.0,4.0,4.0,4.0,4.0,4.0,4.0,4.0,3.0,4.0,3.0,4.0,4.0,4.0,4.0,4.0,4.0,4.0,4.0,4.0,3.0,5.0,3.0,4.0,5.0,4.0,4.0,5.0,4.0,3.0,5.0,5.0,5.0,5.0,3.0,3.0,4.0,3.0,4.0,2.0,3.0,3.0,2.0,2.0,2.0,3.0,2.0,5.0,5.0,4.0,3.0,2.0,4.0,3.8333333333333335,4.25,3.9583333333333335,4.2,2.75
160,100,4.0,4.0,4.0,4.0,4.0,4.0,4.0,4.0,4.0,4.0,4.0,4.0,3.0,4.0,4.0,3.0,3.0,4.0,3.0,4.0,4.0,2.0,4.0,4.0,3.0,4.0,4.0,4.0,3.0,4.0,4.0,3.0,4.0,4.0,2.0,2.0,4.0,4.0,3.0,4.0,4.0,4.0,4.0,4.0,4.0,3.0,4.0,4.0,4.0,4.0,4.0,4.0,4.0,4.0,4.0,2.0,3.0,3.0,3.0,2.0,3.0,4.0,3.0,2.0,3.0,2.0,3.0,2.0,2.0,2.3333333333333335,4.0,3.4583333333333335,3.8666666666666667,3.25
161,100,3.0,3.0,4.0,4.0,3.0,3.0,4.0,4.0,3.0,4.0,4.0,4.0,3.0,3.0,2.0,3.0,3.0,3.0,3.0,3.0,3.0,4.0,3.0,3.0,3.0,4.0,3.0,2.0,3.0,3.0,3.0,3.0,3.0,3.0,4.0,3.0,4.0,4.0,3.0,4.0,4.0,4.0,4.0,4.0,4.0,3.0,4.0,4.0,4.0,4.0,3.0,2.0,2.0,3.0,3.0,2.0,3.0,2.0,2.0,2.0,2.0,2.0,2.0,1.0,3.0,3.0,2.0,1.0,2.0,2.0,3.5833333333333335,3.0416666666666665,3.8,2.25
162,100,5.0,5.0,5.0,5.0,5.0,5.0,5.0,5.0,5.0,5.0,5.0,5.0,1.0,1.0,1.0,1.0,1.0,1.0,1.0,1.0,1.0,1.0,1.0,3.0,1.0,4.0,1.0,1.0,1.0,1.0,1.0,1.0,2.0,3.0,1.0,1.0,1.0,1.0,1.0,1.0,1.0,1.0,1.0,1.0,1.0,3.0,1.0,1.0,1.0,1.0,1.0,2.0,3.0,3.0,3.0,2.0,3.0,2.0,2.0,1.0,1.0,4.0,3.0,3.0,2.0,4.0,2.0,1.0,3.0,2.5,5.0,1.3333333333333333,1.1333333333333333,2.4166666666666665
163,100,3.0,3.0,5.0,2.0,3.0,3.0,4.0,3.0,3.0,4.0,4.0,3.0,2.0,2.0,2.0,3.0,3.0,2.0,2.0,2.0,2.0,2.0,3.0,3.0,1.0,4.0,3.0,2.0,2.0,3.0,3.0,2.0,2.0,3.0,2.0,3.0,2.0,2.0,2.0,5.0,3.0,4.0,4.0,3.0,2.0,3.0,4.0,5.0,3.0,4.0,2.0,3.0,3.0,4.0,4.0,3.0,3.0,4.0,3.0,1.0,3.0,5.0,4.0,3.0,4.0,2.0,3.0,2.0,4.0,3.0,3.3333333333333335,2.4166666666666665,3.2,3.3333333333333335
164,100,3.0,4.0,4.0,4.0,4.0,3.0,4.0,4.0,4.0,3.0,4.0,4.0,1.0,3.0,4.0,4.0,4.0,5.0,4.0,4.0,4.0,5.0,5.0,5.0,5.0,4.0,5.0,3.0,4.0,4.0,3.0,4.0,4.0,5.0,4.0,4.0,3.0,4.0,4.0,4.0,2.0,3.0,4.0,4.0,4.0,3.0,3.0,4.0,4.0,4.0,3.0,3.0,3.0,4.0,4.0,3.0,3.0,3.0,3.0,4.0,2.0,4.0,4.0,3.0,4.0,3.0,2.0,1.0,2.0,2.5,3.75,4.041666666666667,3.533333333333333,3.3333333333333335
165,100,5.0,5.0,5.0,5.0,5.0,5.0,5.0,5.0,5.0,5.0,5.0,5.0,4.0,4.0,3.0,4.0,4.0,4.0,4.0,3.0,4.0,4.0,4.0,4.0,4.0,4.0,2.0,3.0,3.0,3.0,3.0,2.0,4.0,3.0,3.0,1.0,5.0,5.0,5.0,4.0,3.0,5.0,5.0,5.0,5.0,3.0,5.0,5.0,5.0,5.0,5.0,4.0,2.0,4.0,3.0,2.0,3.0,2.0,2.0,2.0,2.0,2.0,3.0,2.0,3.0,4.0,4.0,2.0,4.0,3.1666666666666665,5.0,3.375,4.666666666666667,2.5833333333333335
173,69,4.0,2.0,5.0,2.0,3.0,3.0,2.0,2.0,2.0,2.0,5.0,2.0,2.0,4.0,1.0,4.0,4.0,1.0,2.0,2.0,4.0,4.0,2.0,1.0,2.0,4.0,2.0,2.0,4.0,4.0,2.0,2.0,3.0,3.0,3.0,3.0,5.0,4.0,3.0,4.0,5.0,3.0,3.0,4.0,4.0,3.0,5.0,4.0,4.0,5.0,4.0,3.0,2.0,3.0,2.0,3.0,3.0,3.0,1.0,3.0,3.0,4.0,3.0,2.0,5.0,3.0,2.0,1.0,2.0,2.5,2.8333333333333335,2.7083333333333335,4.0,2.75
175,69,5.0,2.0,5.0,2.0,3.0,4.0,4.0,2.0,2.0,2.0,5.0,1.0,4.0,4.0,5.0,4.0,4.0,5.0,3.0,4.0,5.0,5.0,5.0,5.0,3.0,4.0,4.0,3.0,4.0,3.0,4.0,3.0,4.0,4.0,1.0,1.0,2.0,4.0,3.0,5.0,5.0,4.0,5.0,4.0,5.0,3.0,5.0,4.0,5.0,4.0,5.0,3.0,3.0,3.0,3.0,1.0,3.0,1.0,4.0,1.0,2.0,3.0,3.0,1.0,1.0,1.0,2.0,2.0,2.0,1.5,3.0833333333333335,3.7916666666666665,4.2,2.5
